CUE, TARGET, NORMED?, #G, #P, FSG, BSG, MSG, OSG, #M, MMIAS, #O, OMIAS, QSS, QFR, QCON, QH, QPS, QMC, QPR, QRSG, QUC, TSS, TFR, TCON, TH, TPS, TMC, TPR, TRSG, TUC
LAB, EXPERIMENT, YES, 138, 20, .145, .157, .0107, .0193, 6, 0, 7.0, 2, 19, 3, 5.69, , N, 2.84, .42, .037, 1, 15, 122, ¥, , N, 2.69, .69, .034, 1
LAB, CHEMISTRY, YES, 138, 19, .138, .043, .0152, .0191, 7, 0, 7.0, 1, 19, 3, 5.69, , N, 2.84, .42, .037, 1, 16, 16, 3.65, , N, 3.33, .60, .045, 1
LAB, WORK, YES, 138, 18, .130, 0.000, .0050, 0.0000, 4, 0, 0.0, 0, 19, 3, 5.69, , N, 2.84, .42, .037, 1, 19, 760, 3.88, N, N, 1.63, .68, .091, 1
LAB, COAT, YES, 138, 7, .051, 0.000, 0.0000, 0.0000, 0, 0, 0.0, 0, 19, 3, 5.69, , N, 2.84, .42, .037, 1, 17, 43, 5.83, N, N, 1.56, .50, .135, 1
LAB, TECHNICIAN, YES, 138, 7, .051, .053, 0.0000, .0017, 0, 0, 1.0, 1, 19, 3, 5.69, , N, 2.84, .42, .037, 1, 22, 6, ¥, , N, 2.75, .10, .004, 1
LAB, TEST, YES, 138, 5, .036, 0.000, .0388, .0037, 4, 0, 2.0, 0, 19, 3, 5.69, , N, 2.84, .42, .037, 1, 17, 119, 5.08, G, N, 1.75, .69, .301, 1
LAB, MICE, YES, 138, 4, .029, 0.000, 0.0000, 0.0000, 0, 0, 0.0, 0, 19, 3, 5.69, , N, 2.84, .42, .037, 1, 15, 10, ¥, , N, 1.69, 0.00, 0.000, 1
LAB, SCIENCE, YES, 138, 4, .029, .024, .0641, .0179, 9, 0, 6.0, 1, 19, 3, 5.69, , N, 2.84, .42, .037, 1, 18, 131, 4.14, , N, 1.72, .67, .067, 1
LAB, STUDY, YES, 138, 4, .029, 0.000, .0109, .0127, 7, 0, 2.0, 1, 19, 3, 5.69, , N, 2.84, .42, .037, 1, 20, 246, 4.10, G, N, 3.55, .50, .021, 1
LAB, TEST TUBE, YES, 138, 4, .029, .039, .0019, .0215, 1, 0, 4.0, 3, 19, 3, 5.69, , N, 2.84, .42, .037, 1, 11, 0, 6.03, , N, 2.20, .20, .002, 1
LAB, BIOLOGY, YES, 138, 3, .022, .061, .0204, .0133, 5, 0, 4.0, 2, 19, 3, 5.69, , N, 2.84, .42, .037, 1, 22, 7, 3.96, , N, 2.00, .30, .050, 1
LAB, RESEARCH, YES, 138, 3, .022, 0.000, .0029, .0225, 3, 0, 5.0, 4, 19, 3, 5.69, , N, 2.84, .42, .037, 1, 16, 171, 3.22, , N, 1.93, .20, .002, 1
LAB, SCIENTIST, YES, 138, 3, .022, .108, .0035, .0295, 2, 0, 6.0, 4, 19, 3, 5.69, , N, 2.84, .42, .037, 1, 17, 17, 6.48, , N, 2.18, .24, .006, 1
LAB, ANIMALS, YES, 138, 2, .014, 0.000, 0.0000, 0.0000, 0, 0, 0.0, 0, 19, 3, 5.69, , N, 2.84, .42, .037, 1, 22, 58, 6.75, , N, 1.74, .11, .015, 1
LAB, CHEMICAL, YES, 138, 2, .014, .014, .0098, .0117, 1, 0, 3.0, 2, 19, 3, 5.69, , N, 2.84, .42, .037, 1, 24, 60, ¥, , AJ, 1.41, .36, .017, 1
LAB, PHYSICS, YES, 138, 2, .014, 0.000, .0111, .0233, 2, 0, 3.0, 2, 19, 3, 5.69, , N, 2.84, .42, .037, 1, 11, 22, 4.02, , N, 2.09, .09, .009, 1
LAB, PSYCHOLOGY, YES, 138, 2, .014, 0.000, .0244, .0024, 3, 0, 2.0, 1, 19, 3, 5.69, , N, 2.84, .42, .037, 1, 14, 14, 3.42, , N, 1.62, .31, .005, 1
LAB, REPORT, YES, 138, 2, .014, 0.000, 0.0000, .0025, 0, 0, 2.0, 2, 19, 3, 5.69, , N, 2.84, .42, .037, 1, 23, 174, 5.67, G, N, 2.04, .17, .001, 1
LAB, ROOM, YES, 138, 2, .014, 0.000, 0.0000, 0.0000, 0, 0, 0.0, 0, 19, 3, 5.69, , N, 2.84, .42, .037, 1, 22, 383, 5.37, N, N, 2.05, .57, .026, 1
LABEL, TAG, YES, 149, 18, .121, .039, .0016, .0056, 1, 2, 3.0, 2, 23, 19, ¥, G, N, 1.38, .10, .009, 1, 21, 5, ¥, N, N, 1.11, .11, .010, 1
LABEL, NAME, YES, 149, 14, .094, .042, .0074, .0014, 6, 2, 2.0, 0, 23, 19, ¥, G, N, 1.38, .10, .009, 1, 20, 294, 3.96, , N, 1.22, .44, .026, 1
LABEL, STICKER, YES, 149, 12, .081, 0.000, .0032, .0006, 1, 2, 2.0, 1, 23, 19, ¥, G, N, 1.38, .10, .009, 1, 19, 0, ¥, G, N, 1.00, .12, .028, 1
LABEL, STEREOTYPE, YES, 149, 9, .060, 0.000, 0.0000, 0.0000, 0, 2, 0.0, 0, 23, 19, ¥, G, N, 1.38, .10, .009, 1, 23, 12, ¥, , N, 1.39, .06, .002, 0
LABEL, CAN, YES, 149, 6, .040, 0.000, .0011, .0012, 1, 2, 2.0, 1, 23, 19, ¥, G, N, 1.38, .10, .009, 1, 20, 1772, 3.61, N, V, 1.95, .58, .120, 1
LABEL, SIGN, YES, 149, 5, .034, 0.000, .0024, .0098, 2, 2, 3.0, 2, 23, 19, ¥, G, N, 1.38, .10, .009, 1, 15, 94, 5.16, N, N, 1.73, .33, .048, 1
LABEL, PRICE, YES, 149, 4, .027, 0.000, .0115, .0074, 2, 2, 1.0, 0, 23, 19, ¥, G, N, 1.38, .10, .009, 1, 12, 108, 3.76, , N, 2.17, .33, .044, 1
LABEL, READ, YES, 149, 4, .027, 0.000, .0010, .0001, 1, 2, 1.0, 1, 23, 19, ¥, G, N, 1.38, .10, .009, 1, 9, 173, 4.16, , V, 1.89, .67, .215, 1
LABEL, CLOTHES, YES, 149, 3, .020, 0.000, .0127, 0.0000, 2, 2, 0.0, 0, 23, 19, ¥, G, N, 1.38, .10, .009, 1, 26, 89, 6.63, , N, 1.33, .75, .132, 1
LABEL, IDENTIFY, NO, 149, 3, .020, ¥, ¥, ¥, ¥, ¥, ¥, ¥, 23, 19, ¥, G, N, 1.38, .10, .009, 1, ¥, ¥, ¥, , , ¥, ¥, ¥, 0
LABEL, MARK, YES, 149, 3, .020, 0.000, 0.0000, .0050, 0, 2, 3.0, 3, 23, 19, ¥, G, N, 1.38, .10, .009, 1, 18, 83, 4.60, T, N, 2.24, .18, .011, 1
LABEL, TITLE, YES, 149, 3, .020, 0.000, .0068, .0131, 2, 2, 2.0, 0, 23, 19, ¥, G, N, 1.38, .10, .009, 1, 10, 77, ¥, , N, .56, .22, .012, 1
LABEL, WRITING, YES, 149, 3, .020, 0.000, 0.0000, .0013, 0, 2, 1.0, 1, 23, 19, ¥, G, N, 1.38, .10, .009, 1, 21, 117, ¥, , N, 1.95, .20, .018, 1
LABEL, ADHESIVE, NO, 149, 2, .013, ¥, ¥, ¥, ¥, ¥, ¥, ¥, 23, 19, ¥, G, N, 1.38, .10, .009, 1, ¥, ¥, ¥, , , ¥, ¥, ¥, 0
LABEL, BOTTLE, YES, 149, 2, .013, 0.000, .0021, .0004, 2, 2, 1.0, 0, 23, 19, ¥, G, N, 1.38, .10, .009, 1, 20, 76, 6.94, , N, 2.80, .45, .011, 1
LABEL, DESCRIBE, YES, 149, 2, .013, 0.000, 0.0000, .0013, 0, 2, 1.0, 1, 23, 19, ¥, G, N, 1.38, .10, .009, 1, 12, 200, ¥, , V, 1.75, .17, .025, 1
LABEL, DESIGNER, YES, 149, 2, .013, 0.000, 0.0000, .0104, 0, 2, 2.0, 2, 23, 19, ¥, G, N, 1.38, .10, .009, 1, 17, 18, ¥, , N, 1.64, .14, .002, 1
LABEL, GUESS, YES, 149, 2, .013, 0.000, 0.0000, 0.0000, 0, 2, 0.0, 0, 23, 19, ¥, G, N, 1.38, .10, .009, 1, 20, 56, 3.27, , V, 1.67, .17, .017, 1
LABEL, HEADING, YES, 149, 2, .013, 0.000, .0005, .0073, 1, 2, 3.0, 2, 23, 19, ¥, G, N, 1.38, .10, .009, 1, 17, 32, ¥, , N, .71, .14, .008, 0
LABEL, INFORMATION, YES, 149, 2, .013, 0.000, 0.0000, 0.0000, 0, 2, 0.0, 0, 23, 19, ¥, G, N, 1.38, .10, .009, 1, 22, 269, 3.80, , N, 1.05, .23, .046, 1
LABEL, JAR, YES, 149, 2, .013, 0.000, .0023, .0035, 2, 2, 2.0, 0, 23, 19, ¥, G, N, 1.38, .10, .009, 1, 13, 16, 5.77, N, N, 1.54, .69, .056, 1
LABEL, PAPER, YES, 149, 2, .013, 0.000, .0040, 0.0000, 5, 2, 0.0, 0, 23, 19, ¥, G, N, 1.38, .10, .009, 1, 15, 157, 5.96, , N, 1.07, .64, .058, 1
LABEL, PRESCRIPTION, YES, 149, 2, .013, 0.000, 0.0000, 0.0000, 0, 2, 0.0, 0, 23, 19, ¥, G, N, 1.38, .10, .009, 1, 7, 5, ¥, , N, 2.83, .50, .019, 1
LABOR, WORK, YES, 145, 100, .690, .020, .0027, .0049, 4, 1, 1.0, 0, 10, 149, 4.49, , N, .78, .33, .015, 1, 19, 760, 3.88, N, N, 1.63, .68, .091, 1
LABOR, DAY, YES, 145, 7, .048, 0.000, .0022, 0.0000, 1, 1, 0.0, 0, 10, 149, 4.49, , N, .78, .33, .015, 1, 6, 686, 4.67, , N, .67, .67, .574, 1
LABOR, UNION, YES, 145, 7, .048, .027, 0.0000, .0097, 0, 1, 1.0, 1, 10, 149, 4.49, , N, .78, .33, .015, 1, 26, 182, 3.28, G, N, 1.61, .26, .005, 1
LABOR, HARD, YES, 145, 5, .034, 0.000, .0987, .0090, 1, 1, 1.0, 0, 10, 149, 4.49, , N, .78, .33, .015, 1, 10, 202, 4.21, N, AJ, 1.00, .90, .328, 1
LABOR, PAIN, YES, 145, 4, .028, 0.000, .0006, 0.0000, 1, 1, 0.0, 0, 10, 149, 4.49, , N, .78, .33, .015, 1, 13, 88, 4.22, , N, .92, .50, .340, 1
LABOR, BIRTH, YES, 145, 3, .021, 0.000, 0.0000, .0059, 0, 1, 2.0, 2, 10, 149, 4.49, , N, .78, .33, .015, 1, 13, 66, 4.67, , N, .75, .17, .009, 1
LABOR, CONSTRUCTION, YES, 145, 2, .014, 0.000, 0.0000, .0462, 0, 1, 1.0, 1, 10, 149, 4.49, , N, .78, .33, .015, 1, 12, 95, 4.75, , N, 1.25, .42, .027, 1
LABOR, LAW, YES, 145, 2, .014, 0.000, 0.0000, 0.0000, 0, 1, 0.0, 0, 10, 149, 4.49, , N, .78, .33, .015, 1, 14, 299, 3.36, , N, 2.62, .69, .049, 1
LABOR, PREGNANT, NO, 145, 2, .014, ¥, ¥, ¥, ¥, ¥, ¥, ¥, 10, 149, 4.49, , N, .78, .33, .015, 1, ¥, ¥, ¥, , , ¥, ¥, ¥, 0
LABOR, SLAVE, YES, 145, 2, .014, .014, 0.0000, .0331, 0, 1, 1.0, 1, 10, 149, 4.49, , N, .78, .33, .015, 1, 18, 30, 6.38, , N, 1.07, .36, .020, 0
LABYRINTH, MAZE, YES, 198, 92, .465, .016, .0016, .0087, 1, 1, 3.0, 2, 9, 1, 4.86, , N, .75, .13, .007, 1, 13, 6, 5.02, , N, 1.38, .15, .015, 1
LABYRINTH, DAVID BOWIE, NO, 198, 10, .051, ¥, ¥, ¥, ¥, ¥, ¥, ¥, 9, 1, 4.86, , N, .75, .13, .007, 1, ¥, ¥, ¥, , , ¥, ¥, ¥, 0
LABYRINTH, MOVIE, YES, 198, 8, .040, 0.000, 0.0000, 0.0000, 0, 1, 0.0, 0, 9, 1, 4.86, , N, .75, .13, .007, 1, 21, 29, 5.85, , N, 2.19, .81, .259, 1
LABYRINTH, PUZZLE, YES, 198, 8, .040, 0.000, .0844, .0195, 2, 1, 2.0, 1, 9, 1, 4.86, , N, .75, .13, .007, 1, 13, 10, 5.81, , N, .64, .46, .154, 1
LABYRINTH, GAME, YES, 198, 4, .020, 0.000, .0200, 0.0000, 2, 1, 0.0, 0, 9, 1, 4.86, , N, .75, .13, .007, 1, 13, 123, 4.72, N, N, 1.62, .62, .109, 1
LABYRINTH, CAVE, YES, 198, 3, .015, 0.000, 0.0000, 0.0000, 0, 1, 0.0, 0, 9, 1, 4.86, , N, .75, .13, .007, 1, 11, 9, 5.79, , N, 1.09, .27, .031, 1
LABYRINTH, CONFUSION, YES, 198, 3, .015, 0.000, .0219, .0006, 1, 1, 1.0, 1, 9, 1, 4.86, , N, .75, .13, .007, 1, 29, 44, 2.53, , N, 1.09, .09, .006, 0
LABYRINTH, CASTLE, YES, 198, 2, .010, 0.000, 0.0000, 0.0000, 0, 1, 0.0, 0, 9, 1, 4.86, , N, .75, .13, .007, 1, 16, 7, 6.50, , N, 2.00, .60, .044, 1
LABYRINTH, MAGIC, YES, 198, 2, .010, 0.000, 0.0000, 0.0000, 0, 1, 0.0, 0, 9, 1, 4.86, , N, .75, .13, .007, 1, 23, 37, 2.13, , N, .71, .47, .070, 1
LACE, SHOELACE, YES, 156, 16, .103, 0.000, 0.0000, .0055, 0, 5, 2.0, 2, 24, 7, 5.33, T, N, 1.47, .21, .013, 1, 7, 1, ¥, , N, 1.40, .20, 0.000, 1
LACE, DRESS, YES, 156, 13, .083, 0.000, .0213, .0053, 7, 5, 3.0, 1, 24, 7, 5.33, T, N, 1.47, .21, .013, 1, 15, 67, 5.91, N, N, 2.67, .47, .055, 1
LACE, FRILL, YES, 156, 9, .058, .169, .0010, .0069, 1, 5, 2.0, 1, 24, 7, 5.33, T, N, 1.47, .21, .013, 1, 12, 3, 3.70, , N, .88, .25, .013, 0
LACE, PRETTY, YES, 156, 9, .058, 0.000, .0052, 0.0000, 2, 5, 0.0, 0, 24, 7, 5.33, T, N, 1.47, .21, .013, 1, 11, 107, 2.90, , AJ, 2.82, .91, .200, 1
LACE, WHITE, YES, 156, 7, .045, 0.000, .0028, 0.0000, 1, 5, 0.0, 0, 24, 7, 5.33, T, N, 1.47, .21, .013, 1, 8, 365, 4.68, , N, .88, .88, .390, 1
LACE, GOWN, YES, 156, 6, .038, 0.000, 0.0000, .0293, 0, 5, 1.0, 1, 24, 7, 5.33, T, N, 1.47, .21, .013, 1, 11, 16, 5.82, , N, 1.30, .40, .002, 1
LACE, CLOTHES, YES, 156, 5, .032, 0.000, .0079, .0025, 5, 5, 2.0, 0, 24, 7, 5.33, T, N, 1.47, .21, .013, 1, 26, 89, 6.63, , N, 1.33, .75, .132, 1
LACE, CURTAIN, YES, 156, 5, .032, 0.000, 0.0000, 0.0000, 0, 5, 0.0, 0, 24, 7, 5.33, T, N, 1.47, .21, .013, 1, 12, 13, 6.82, , N, .92, .33, .016, 1
LACE, SILK, YES, 156, 5, .032, 0.000, .0081, .0069, 5, 5, 4.0, 2, 24, 7, 5.33, T, N, 1.47, .21, .013, 1, 18, 12, 5.26, , N, 2.61, .44, .085, 1
LACE, TRIM, YES, 156, 5, .032, 0.000, 0.0000, 0.0000, 0, 5, 0.0, 0, 24, 7, 5.33, T, N, 1.47, .21, .013, 1, 13, 20, 4.05, T, V, 1.09, .27, .003, 1
LACE, FEMININE, NO, 156, 4, .026, ¥, ¥, ¥, ¥, ¥, ¥, ¥, 24, 7, 5.33, T, N, 1.47, .21, .013, 1, ¥, ¥, ¥, , , ¥, ¥, ¥, 0
LACE, DAINTY, NO, 156, 3, .019, ¥, ¥, ¥, ¥, ¥, ¥, ¥, 24, 7, 5.33, T, N, 1.47, .21, .013, 1, ¥, ¥, ¥, , , ¥, ¥, ¥, 0
LACE, DELICATE, YES, 156, 3, .019, .026, 0.0000, .0010, 0, 5, 1.0, 1, 24, 7, 5.33, T, N, 1.47, .21, .013, 1, 22, 27, ¥, , AJ, 2.29, .14, .033, 1
LACE, DOILIES, NO, 156, 3, .019, ¥, ¥, ¥, ¥, ¥, ¥, ¥, 24, 7, 5.33, T, N, 1.47, .21, .013, 1, ¥, ¥, ¥, , , ¥, ¥, ¥, 0
LACE, FANCY, YES, 156, 3, .019, .061, .0046, .0104, 2, 5, 4.0, 2, 24, 7, 5.33, T, N, 1.47, .21, .013, 1, 19, 16, 2.78, P, N, 2.12, .44, .015, 1
LACE, FINE, YES, 156, 3, .019, 0.000, 0.0000, 0.0000, 0, 5, 0.0, 0, 24, 7, 5.33, T, N, 1.47, .21, .013, 1, 20, 161, 3.20, N, N, .84, .21, .010, 1
LACE, MATERIAL, YES, 156, 3, .019, 0.000, .0017, .0035, 2, 5, 2.0, 0, 24, 7, 5.33, T, N, 1.47, .21, .013, 1, 17, 174, 6.10, , N, 1.47, .24, .046, 1
LACE, NIGHTGOWN, YES, 156, 3, .019, 0.000, 0.0000, .0034, 0, 5, 3.0, 3, 24, 7, 5.33, T, N, 1.47, .21, .013, 1, 16, 0, 6.40, , N, 2.50, .17, .023, 0
LACE, RIBBON, YES, 156, 3, .019, 0.000, 0.0000, .0005, 0, 5, 1.0, 1, 24, 7, 5.33, T, N, 1.47, .21, .013, 1, 14, 12, 6.30, , N, 1.36, .29, .013, 1
LACE, SATIN, YES, 156, 3, .019, .058, .0068, .0111, 1, 5, 1.0, 0, 24, 7, 5.33, T, N, 1.47, .21, .013, 1, 9, 5, 5.90, , N, 1.62, .38, .078, 1
LACE, SLIP, YES, 156, 3, .019, 0.000, 0.0000, .0038, 0, 5, 1.0, 1, 24, 7, 5.33, T, N, 1.47, .21, .013, 1, 8, 19, 4.32, N, V, .50, .25, .013, 1
LACE, CHANTILLY, NO, 156, 2, .013, ¥, ¥, ¥, ¥, ¥, ¥, ¥, 24, 7, 5.33, T, N, 1.47, .21, .013, 1, ¥, ¥, ¥, , , ¥, ¥, ¥, 0
LACE, PANTY, NO, 156, 2, .013, ¥, ¥, ¥, ¥, ¥, ¥, ¥, 24, 7, 5.33, T, N, 1.47, .21, .013, 1, ¥, ¥, ¥, , , ¥, ¥, ¥, 0
LACE, TIE, YES, 156, 2, .013, 0.000, .0344, .0004, 2, 5, 1.0, 1, 24, 7, 5.33, T, N, 1.47, .21, .013, 1, 17, 23, 5.55, N, V, 1.14, .64, .078, 1
LACK, NEED, YES, 180, 21, .117, 0.000, .0086, .0179, 2, 4, 4.0, 2, 27, 110, 3.00, , N, 1.39, 0.00, 0.000, 1, 8, 360, 3.10, G, V, .71, .43, .175, 1
LACK, WITHOUT, YES, 180, 17, .094, 0.000, 0.0000, .0026, 0, 4, 4.0, 4, 27, 110, 3.00, , N, 1.39, 0.00, 0.000, 1, 15, 583, 2.60, , AD, 1.08, .17, .060, 0
LACK, MISS, YES, 180, 16, .089, 0.000, .0002, 0.0000, 1, 4, 0.0, 0, 27, 110, 3.00, , N, 1.39, 0.00, 0.000, 1, 14, 258, 3.68, N, V, .85, .23, .036, 1
LACK, LESS, YES, 180, 8, .044, 0.000, .0008, .0016, 1, 4, 2.0, 2, 27, 110, 3.00, , N, 1.39, 0.00, 0.000, 1, 12, 438, 2.56, , AJ, 2.00, .40, .399, 1
LACK, DON'T HAVE, NO, 180, 6, .033, ¥, ¥, ¥, ¥, ¥, ¥, ¥, 27, 110, 3.00, , N, 1.39, 0.00, 0.000, 1, ¥, ¥, ¥, , , ¥, ¥, ¥, 0
LACK, NONE, YES, 180, 5, .028, 0.000, .0039, .0034, 3, 4, 3.0, 3, 27, 110, 3.00, , N, 1.39, 0.00, 0.000, 1, 11, 108, 2.84, , P, 2.18, .46, .161, 1
LACK, WANT, YES, 180, 5, .028, 0.000, .0768, .0378, 2, 4, 3.0, 1, 27, 110, 3.00, , N, 1.39, 0.00, 0.000, 1, 9, 329, 2.95, , V, 1.78, .67, .374, 1
LACK, EMPTY, YES, 180, 4, .022, 0.000, .0105, 0.0000, 3, 4, 0.0, 0, 27, 110, 3.00, , N, 1.39, 0.00, 0.000, 1, 11, 64, 3.65, , AJ, .27, .36, .358, 1
LACK, LITTLE, YES, 180, 4, .022, 0.000, .0020, .0002, 2, 4, 1.0, 0, 27, 110, 3.00, , N, 1.39, 0.00, 0.000, 1, 7, 831, 3.48, , AJ, 1.71, .57, .081, 1
LACK, LOSS, YES, 180, 4, .022, 0.000, 0.0000, .0003, 0, 4, 1.0, 1, 27, 110, 3.00, , N, 1.39, 0.00, 0.000, 1, 14, 86, 3.34, , N, 1.62, .15, .010, 1
LACK, LUSTER, NO, 180, 4, .022, ¥, ¥, ¥, ¥, ¥, ¥, ¥, 27, 110, 3.00, , N, 1.39, 0.00, 0.000, 1, ¥, ¥, ¥, , , ¥, ¥, ¥, 0
LACK, DEFICIENT, NO, 180, 3, .017, ¥, ¥, ¥, ¥, ¥, ¥, ¥, 27, 110, 3.00, , N, 1.39, 0.00, 0.000, 1, ¥, ¥, ¥, , , ¥, ¥, ¥, 0
LACK, FAIL, YES, 180, 3, .017, 0.000, 0.0000, .0010, 0, 4, 1.0, 1, 27, 110, 3.00, , N, 1.39, 0.00, 0.000, 1, 21, 37, 3.23, , V, 1.60, .30, .124, 1
LACK, MINUS, YES, 180, 3, .017, 0.000, 0.0000, .0021, 0, 4, 1.0, 1, 27, 110, 3.00, , N, 1.39, 0.00, 0.000, 1, 10, 8, 2.75, , PP, 1.00, .40, .400, 1
LACK, MONEY, YES, 180, 3, .017, 0.000, .0061, .0001, 4, 4, 1.0, 1, 27, 110, 3.00, , N, 1.39, 0.00, 0.000, 1, 19, 265, 5.77, , N, 1.39, .89, .312, 1
LACK, OF, NO, 180, 3, .017, ¥, ¥, ¥, ¥, ¥, ¥, ¥, 27, 110, 3.00, , N, 1.39, 0.00, 0.000, 1, ¥, ¥, ¥, , , ¥, ¥, ¥, 0
LACK, ABILITY, YES, 180, 2, .011, 0.000, 0.0000, .0002, 0, 4, 1.0, 1, 27, 110, 3.00, , N, 1.39, 0.00, 0.000, 1, 22, 74, 2.03, , N, 2.00, .50, .060, 1
LACK, CONFIDENCE, YES, 180, 2, .011, 0.000, 0.0000, 0.0000, 0, 4, 0.0, 0, 27, 110, 3.00, , N, 1.39, 0.00, 0.000, 1, 19, 56, 1.52, , N, 1.31, .19, .005, 1
LACK, DESIRE, YES, 180, 2, .011, 0.000, .0103, .0226, 3, 4, 2.0, 0, 27, 110, 3.00, , N, 1.39, 0.00, 0.000, 1, 9, 79, 2.69, , V, 1.44, .67, .177, 1
LACK, HAVE, YES, 180, 2, .011, 0.000, .0066, .0001, 3, 4, 1.0, 1, 27, 110, 3.00, , N, 1.39, 0.00, 0.000, 1, 15, 3941, 2.44, , V, 1.93, .33, .050, 1
LACK, INTEREST, YES, 180, 2, .011, 0.000, 0.0000, .0018, 0, 4, 4.0, 4, 27, 110, 3.00, , N, 1.39, 0.00, 0.000, 1, 22, 330, 2.20, W, N, .76, .19, .011, 1
LACK, KNOWLEDGE, YES, 180, 2, .011, 0.000, .0001, 0.0000, 1, 4, 0.0, 0, 27, 110, 3.00, , N, 1.39, 0.00, 0.000, 1, 14, 145, 1.56, , N, 2.85, .69, .045, 1
LACK, LOST, YES, 180, 2, .011, 0.000, .0009, 0.0000, 3, 4, 0.0, 0, 27, 110, 3.00, , N, 1.39, 0.00, 0.000, 1, 6, 173, ¥, G, AJ, .75, .75, .612, 1
LACK, LOT, YES, 180, 2, .011, 0.000, .0009, .0015, 3, 4, 2.0, 1, 27, 110, 3.00, , N, 1.39, 0.00, 0.000, 1, 17, 127, 4.43, N, N, 1.82, .24, .017, 1
LACK, LUCK, YES, 180, 2, .011, 0.000, 0.0000, 0.0000, 0, 4, 0.0, 0, 27, 110, 3.00, , N, 1.39, 0.00, 0.000, 1, 16, 47, 2.18, , N, .78, .33, .010, 0
LACK, POOR, YES, 180, 2, .011, 0.000, .0013, .0004, 1, 4, 1.0, 1, 27, 110, 3.00, , N, 1.39, 0.00, 0.000, 1, 11, 113, 3.00, , AJ, .73, .27, .354, 1
LACK, SHORT, YES, 180, 2, .011, 0.000, 0.0000, 0.0000, 0, 4, 0.0, 0, 27, 110, 3.00, , N, 1.39, 0.00, 0.000, 1, 9, 212, 4.57, , AJ, .86, .71, .414, 1
LADDER, CLIMB, YES, 145, 49, .338, .047, .0046, .0109, 2, 0, 3.0, 2, 14, 19, 6.08, , N, 1.57, .29, .038, 1, 15, 12, 3.67, , V, 2.07, .53, .064, 1
LADDER, UP, YES, 145, 15, .103, 0.000, .0445, .0017, 4, 0, 2.0, 0, 14, 19, 6.08, , N, 1.57, .29, .038, 1, 5, 1895, 3.80, , AD, 1.20, 1.00, .502, 1
LADDER, STEP, YES, 145, 13, .090, .082, .0062, .0414, 1, 0, 4.0, 3, 14, 19, 6.08, , N, 1.57, .29, .038, 1, 10, 131, 4.91, , N, 2.10, .30, .064, 1
LADDER, RUNG, YES, 145, 8, .055, .260, 0.0000, 0.0000, 0, 0, 0.0, 0, 14, 19, 6.08, , N, 1.57, .29, .038, 1, 12, 3, ¥, , N, .58, .08, .014, 1
LADDER, FALL, YES, 145, 7, .048, 0.000, .0275, 0.0000, 2, 0, 0.0, 0, 14, 19, 6.08, , N, 1.57, .29, .038, 1, 17, 147, 3.86, P, V, 1.41, .65, .117, 1
LADDER, ROOF, YES, 145, 6, .041, 0.000, .0003, .0043, 1, 0, 1.0, 0, 14, 19, 6.08, , N, 1.57, .29, .038, 1, 9, 59, 5.82, , N, .89, .67, .143, 1
LADDER, STAIR, YES, 145, 6, .041, 0.000, .0439, .0554, 3, 0, 4.0, 1, 14, 19, 6.08, , N, 1.57, .29, .038, 1, 12, 2, 5.54, , N, .82, .36, .077, 1
LADDER, PAINT, YES, 145, 5, .034, 0.000, .0015, .0008, 2, 0, 1.0, 0, 14, 19, 6.08, , N, 1.57, .29, .038, 1, 16, 37, 5.73, , N, 1.62, .56, .029, 1
LADDER, TALL, YES, 145, 5, .034, 0.000, .0006, 0.0000, 1, 0, 0.0, 0, 14, 19, 6.08, , N, 1.57, .29, .038, 1, 9, 55, 4.35, , AJ, 1.25, .63, .302, 1
LADDER, HIGH, YES, 145, 4, .028, 0.000, .0055, .0042, 2, 0, 2.0, 1, 14, 19, 6.08, , N, 1.57, .29, .038, 1, 11, 497, 3.62, , AJ, .73, .55, .512, 1
LADDER, LUCK, YES, 145, 3, .021, 0.000, 0.0000, 0.0000, 0, 0, 0.0, 0, 14, 19, 6.08, , N, 1.57, .29, .038, 1, 16, 47, 2.18, , N, .78, .33, .010, 0
LADDER, HOUSE, YES, 145, 2, .014, 0.000, .0159, .0014, 4, 0, 2.0, 0, 14, 19, 6.08, , N, 1.57, .29, .038, 1, 13, 591, 6.21, , N, 1.00, .85, .223, 1
LADDER, PAINTER, YES, 145, 2, .014, .013, 0.0000, .0042, 0, 0, 2.0, 2, 14, 19, 6.08, , N, 1.57, .29, .038, 1, 23, 21, 6.59, , N, 1.94, .22, .090, 1
LADDER, WOOD, YES, 145, 2, .014, 0.000, 0.0000, .0003, 0, 0, 1.0, 1, 14, 19, 6.08, , N, 1.57, .29, .038, 1, 26, 55, 5.81, , N, 1.73, .50, .029, 1
LADY, MAN, YES, 197, 73, .371, .013, .1573, .1610, 3, 1, 1.0, 0, 15, 80, 5.58, , N, 2.21, .43, .052, 1, 9, 1207, 6.14, , N, .56, .67, .402, 1
LADY, WOMAN, YES, 197, 48, .244, .048, .2572, .2253, 7, 1, 4.0, 0, 15, 80, 5.58, , N, 2.21, .43, .052, 1, 7, 224, 5.68, , N, 2.00, .86, .414, 1
LADY, GENTLEMAN, YES, 197, 17, .086, .329, 0.0000, .0777, 0, 1, 2.0, 2, 15, 80, 5.58, , N, 2.21, .43, .052, 1, 16, 28, 6.42, , N, 1.54, .08, .028, 1
LADY, TRAMP, YES, 197, 9, .046, .138, 0.0000, .0014, 0, 1, 2.0, 2, 15, 80, 5.58, , N, 2.21, .43, .052, 1, 13, 1, 4.08, , V, .71, .29, .007, 0
LADY, GIRL, YES, 197, 7, .036, .013, .0265, .0089, 6, 1, 3.0, 0, 15, 80, 5.58, , N, 2.21, .43, .052, 1, 8, 220, 6.83, , N, 1.25, 1.00, .535, 1
LADY, DOG, YES, 197, 3, .015, 0.000, .0038, 0.0000, 1, 1, 0.0, 0, 15, 80, 5.58, , N, 2.21, .43, .052, 1, 5, 75, 5.75, , N, .40, .80, .437, 1
LADY, DRESS, YES, 197, 3, .015, 0.000, .0002, .0091, 1, 1, 4.0, 3, 15, 80, 5.58, , N, 2.21, .43, .052, 1, 15, 67, 5.91, N, N, 2.67, .47, .055, 1
LADY, FEMALE, YES, 197, 3, .015, 0.000, .0232, .0214, 3, 1, 5.0, 2, 15, 80, 5.58, , N, 2.21, .43, .052, 1, 12, 50, 6.17, , N, 2.27, .36, .371, 1
LADY, PRETTY, YES, 197, 3, .015, 0.000, .0057, .0063, 3, 1, 2.0, 0, 15, 80, 5.58, , N, 2.21, .43, .052, 1, 11, 107, 2.90, , AJ, 2.82, .91, .200, 1
LADY, BEAUTIFUL, YES, 197, 2, .010, 0.000, .0056, .0110, 3, 1, 3.0, 1, 15, 80, 5.58, , N, 2.21, .43, .052, 1, 8, 127, 3.89, , AJ, 2.38, .63, .056, 1
LADY, BUG, YES, 197, 2, .010, .047, 0.0000, 0.0000, 0, 1, 0.0, 0, 15, 80, 5.58, , N, 2.21, .43, .052, 1, 16, 4, 6.40, N, N, 1.94, .75, .212, 1
LADY, CLASSY, NO, 197, 2, .010, ¥, ¥, ¥, ¥, ¥, ¥, ¥, 15, 80, 5.58, , N, 2.21, .43, .052, 1, ¥, ¥, ¥, , , ¥, ¥, ¥, 0
LADY, OLD, YES, 197, 2, .010, 0.000, 0.0000, .0126, 0, 1, 1.0, 1, 15, 80, 5.58, , N, 2.21, .43, .052, 1, 9, 660, 3.41, , AJ, .38, .75, .532, 1
LADY, RED, YES, 197, 2, .010, 0.000, .0004, .0004, 2, 1, 1.0, 0, 15, 80, 5.58, , N, 2.21, .43, .052, 1, 14, 197, 4.97, , N, 2.31, .85, .079, 1
LADY, SEX, YES, 197, 2, .010, 0.000, .0013, .0061, 2, 1, 3.0, 2, 15, 80, 5.58, , N, 2.21, .43, .052, 1, 15, 84, 5.33, , N, 1.71, .57, .043, 1
LAGOON, WATER, YES, 150, 39, .260, 0.000, .0646, .0026, 7, 1, 2.0, 0, 13, 15, ¥, , N, 1.75, .08, 0.000, 1, 18, 442, 6.27, , N, 2.00, .94, .146, 1
LAGOON, BLUE, YES, 150, 35, .233, 0.000, .0041, .0097, 1, 1, 2.0, 2, 13, 15, ¥, , N, 1.75, .08, 0.000, 1, 14, 143, 4.49, N, N, 1.69, .54, .203, 1
LAGOON, LAKE, YES, 150, 20, .133, 0.000, .0216, .0739, 3, 1, 4.0, 2, 13, 15, ¥, , N, 1.75, .08, 0.000, 1, 15, 54, 5.70, , N, 2.50, .43, .052, 1
LAGOON, SWAMP, YES, 150, 8, .053, 0.000, 0.0000, .0239, 0, 1, 4.0, 4, 13, 15, ¥, , N, 1.75, .08, 0.000, 1, 24, 5, 6.62, N, N, 1.63, .21, .051, 1
LAGOON, POND, YES, 150, 7, .047, 0.000, .0123, .0929, 2, 1, 3.0, 2, 13, 15, ¥, , N, 1.75, .08, 0.000, 1, 8, 25, 6.14, , N, 1.88, .63, .062, 1
LAGOON, ISLAND, YES, 150, 5, .033, 0.000, .0015, .0465, 1, 1, 1.0, 1, 13, 15, ¥, , N, 1.75, .08, 0.000, 1, 19, 167, 6.40, , N, 2.88, .35, .040, 1
LAGOON, BLACK, YES, 150, 3, .020, 0.000, .0065, 0.0000, 1, 1, 0.0, 0, 13, 15, ¥, , N, 1.75, .08, 0.000, 1, 10, 203, 4.66, , AJ, .50, .50, .381, 1
LAGOON, INLET, YES, 150, 3, .020, 0.000, 0.0000, .0427, 0, 1, 2.0, 2, 13, 15, ¥, , N, 1.75, .08, 0.000, 1, 13, 4, ¥, , N, 2.50, .08, .039, 1
LAGOON, MONSTER, YES, 150, 3, .020, 0.000, .0048, .0005, 2, 1, 1.0, 0, 13, 15, ¥, , N, 1.75, .08, 0.000, 1, 22, 6, 5.08, , N, 1.68, .26, .087, 1
LAGOON, CREATURE, YES, 150, 2, .013, .032, .0007, .0057, 1, 1, 1.0, 0, 13, 15, ¥, , N, 1.75, .08, 0.000, 1, 17, 15, ¥, , N, 1.14, .14, .011, 1
LAGOON, GILLIGAN, NO, 150, 2, .013, ¥, ¥, ¥, ¥, ¥, ¥, ¥, 13, 15, ¥, , N, 1.75, .08, 0.000, 1, ¥, ¥, ¥, , , ¥, ¥, ¥, 0
LAGOON, LOVE, YES, 150, 2, .013, 0.000, 0.0000, 0.0000, 0, 1, 0.0, 0, 13, 15, ¥, , N, 1.75, .08, 0.000, 1, 18, 232, 3.51, , N, 1.67, .78, .236, 1
LAGOON, SWIM, YES, 150, 2, .013, 0.000, .0292, .0775, 3, 1, 1.0, 0, 13, 15, ¥, , N, 1.75, .08, 0.000, 1, 19, 15, 4.85, G, V, 1.94, .69, .076, 1
LAKE, WATER, YES, 127, 30, .236, .014, .0836, .0062, 11, 1, 3.0, 0, 15, 54, 5.70, , N, 2.50, .43, .052, 1, 18, 442, 6.27, , N, 2.00, .94, .146, 1
LAKE, RIVER, YES, 127, 18, .142, .118, .0054, .0216, 2, 1, 5.0, 4, 15, 54, 5.70, , N, 2.50, .43, .052, 1, 20, 165, 5.83, , N, 2.29, .35, .080, 1
LAKE, SWIM, YES, 127, 12, .094, 0.000, .0239, .0716, 4, 1, 3.0, 1, 15, 54, 5.70, , N, 2.50, .43, .052, 1, 19, 15, 4.85, G, V, 1.94, .69, .076, 1
LAKE, POND, YES, 127, 11, .087, .351, 0.0000, .0503, 0, 1, 3.0, 3, 15, 54, 5.70, , N, 2.50, .43, .052, 1, 8, 25, 6.14, , N, 1.88, .63, .062, 1
LAKE, FISH, YES, 127, 7, .055, 0.000, .0175, .0479, 6, 1, 4.0, 2, 15, 54, 5.70, , N, 2.50, .43, .052, 1, 24, 35, 5.84, G, N, 1.26, .74, .101, 1
LAKE, ERIE, NO, 127, 6, .047, ¥, ¥, ¥, ¥, ¥, ¥, ¥, 15, 54, 5.70, , N, 2.50, .43, .052, 1, ¥, ¥, ¥, , , ¥, ¥, ¥, 0
LAKE, SKI, YES, 127, 5, .039, 0.000, 0.0000, .0366, 0, 1, 1.0, 1, 15, 54, 5.70, , N, 2.50, .43, .052, 1, 13, 5, 5.77, , N, .62, .39, .026, 1
LAKE, BLUE, YES, 127, 4, .031, 0.000, .0014, .0083, 3, 1, 1.0, 1, 15, 54, 5.70, , N, 2.50, .43, .052, 1, 14, 143, 4.49, N, N, 1.69, .54, .203, 1
LAKE, FISHING, YES, 127, 4, .031, .030, 0.0000, .0110, 0, 1, 2.0, 2, 15, 54, 5.70, , N, 2.50, .43, .052, 1, 15, 32, 5.05, , N, 2.00, .50, .065, 1
LAKE, OCEAN, YES, 127, 3, .024, .012, .0202, .0567, 5, 1, 3.0, 1, 15, 54, 5.70, , N, 2.50, .43, .052, 1, 17, 34, 5.63, , N, 2.31, .69, .169, 1
LAKE, CLEAR, YES, 127, 2, .016, 0.000, 0.0000, .0278, 0, 1, 2.0, 2, 15, 54, 5.70, , N, 2.50, .43, .052, 1, 20, 219, 3.51, G, AJ, 1.53, .47, .045, 1
LAKE, FOREST, YES, 127, 2, .016, 0.000, 0.0000, 0.0000, 0, 1, 0.0, 0, 15, 54, 5.70, , N, 2.50, .43, .052, 1, 9, 66, 6.37, , N, 1.00, .56, .050, 1
LAKE, FRONT, YES, 127, 2, .016, 0.000, 0.0000, 0.0000, 0, 1, 0.0, 0, 15, 54, 5.70, , N, 2.50, .43, .052, 1, 5, 221, 4.14, N, N, .20, .40, .375, 1
LAKE, SEA, YES, 127, 2, .016, 0.000, .0150, .0438, 3, 1, 5.0, 2, 15, 54, 5.70, , N, 2.50, .43, .052, 1, 15, 95, 5.82, , N, 2.14, .36, .140, 1
LAKE, STREAM, YES, 127, 2, .016, .013, .0168, .1218, 1, 1, 3.0, 2, 15, 54, 5.70, , N, 2.50, .43, .052, 1, 10, 51, 6.24, , N, 2.60, .50, .077, 1
LAMB, SHEEP, YES, 126, 42, .333, .162, .0328, .0322, 4, 0, 5.0, 2, 14, 7, 6.24, , N, 1.21, .43, .067, 1, 17, 23, 6.18, G, N, 2.12, .41, .149, 1
LAMB, WOOL, YES, 126, 12, .095, .058, .0969, .0723, 1, 0, 1.0, 0, 14, 7, 6.24, , N, 1.21, .43, .067, 1, 16, 10, 6.02, , N, 2.25, .31, .079, 1
LAMB, CHOP, YES, 126, 11, .087, .014, 0.0000, 0.0000, 0, 0, 0.0, 0, 14, 7, 6.24, , N, 1.21, .43, .067, 1, 15, 3, 4.08, N, V, .90, .40, .015, 0
LAMB, GOAT, YES, 126, 8, .063, 0.000, .0174, .0383, 2, 0, 3.0, 2, 14, 7, 6.24, , N, 1.21, .43, .067, 1, 16, 6, 6.22, , N, 1.38, .23, .008, 1
LAMB, SOFT, YES, 126, 5, .040, 0.000, 0.0000, 0.0000, 0, 0, 0.0, 0, 14, 7, 6.24, , N, 1.21, .43, .067, 1, 19, 61, 4.10, G, AJ, 1.39, .72, .314, 1
LAMB, EWE, YES, 126, 3, .024, .087, .0067, .0688, 1, 0, 3.0, 2, 14, 7, 6.24, , N, 1.21, .43, .067, 1, 11, 1, 4.45, , N, 2.00, .18, .006, 1
LAMB, GOD, YES, 126, 3, .024, 0.000, 0.0000, 0.0000, 0, 0, 0.0, 0, 14, 7, 6.24, , N, 1.21, .43, .067, 1, 23, 318, 3.61, , N, 1.75, .70, .148, 1
LAMB, MUTTON, YES, 126, 3, .024, .133, 0.0000, .0090, 0, 0, 1.0, 1, 14, 7, 6.24, , N, 1.21, .43, .067, 1, 14, 8, 5.34, , N, .67, .11, .003, 0
LAMB, WHITE, YES, 126, 3, .024, 0.000, .0058, 0.0000, 3, 0, 0.0, 0, 14, 7, 6.24, , N, 1.21, .43, .067, 1, 8, 365, 4.68, , N, .88, .88, .390, 1
LAMB, ANIMAL, YES, 126, 2, .016, 0.000, .0249, 0.0000, 6, 0, 0.0, 0, 14, 7, 6.24, , N, 1.21, .43, .067, 1, 28, 68, 5.65, , N, 1.81, .74, .053, 1
LAMB, CALF, YES, 126, 2, .016, 0.000, 0.0000, .0002, 0, 0, 1.0, 1, 14, 7, 6.24, , N, 1.21, .43, .067, 1, 7, 11, 5.88, T, N, .86, .43, .137, 1
LAMB, MARY, YES, 126, 2, .016, .075, 0.0000, 0.0000, 0, 0, 0.0, 0, 14, 7, 6.24, , N, 1.21, .43, .067, 1, 15, 88, ¥, , N, .89, .22, .015, 1
LAMB, TIGER, YES, 126, 2, .016, 0.000, 0.0000, .0008, 0, 0, 2.0, 2, 14, 7, 6.24, , N, 1.21, .43, .067, 1, 15, 7, 6.07, , N, 1.13, .20, .115, 1
LAMB, WOLF, YES, 126, 2, .016, 0.000, 0.0000, .0025, 0, 0, 1.0, 1, 14, 7, 6.24, , N, 1.21, .43, .067, 1, 20, 6, ¥, , N, 1.71, .12, .002, 1
LAMP, LIGHT, YES, 156, 120, .769, .020, .0367, .0095, 2, 0, 1.0, 0, 7, 18, 6.09, , N, .71, .57, .018, 1, 12, 333, 5.39, N, N, 1.27, .82, .361, 1
LAMP, SHADE, YES, 156, 9, .058, .028, 0.0000, .0161, 0, 0, 1.0, 1, 7, 18, 6.09, , N, .71, .57, .018, 1, 11, 28, 4.72, , N, 1.55, .46, .021, 1
LAMP, BULB, YES, 156, 7, .045, .014, .1630, .6060, 1, 0, 1.0, 0, 7, 18, 6.09, , N, .71, .57, .018, 1, 7, 0, 6.12, T, N, 1.29, .43, .169, 1
LAMP, POST, YES, 156, 4, .026, 0.000, 0.0000, 0.0000, 0, 0, 0.0, 0, 7, 18, 6.09, , N, .71, .57, .018, 1, 14, 84, 5.27, , N, .77, .08, .001, 1
LAMP, DESK, YES, 156, 3, .019, .034, .0004, .0017, 1, 0, 1.0, 0, 7, 18, 6.09, , N, .71, .57, .018, 1, 18, 65, 5.79, , N, 3.17, .33, .013, 1
LAMP, TABLE, YES, 156, 3, .019, 0.000, .0017, .0004, 1, 0, 1.0, 0, 7, 18, 6.09, , N, .71, .57, .018, 1, 10, 198, 6.00, , N, .67, .33, .239, 1
LAMP, BURN, YES, 156, 2, .013, 0.000, 0.0000, 0.0000, 0, 0, 0.0, 0, 7, 18, 6.09, , N, .71, .57, .018, 1, 20, 15, 4.81, , V, 2.21, .32, .019, 1
LAND, SEA, YES, 148, 27, .182, 0.000, .0100, .0218, 5, 0, 3.0, 1, 25, 217, 6.07, N, N, 2.08, .28, .028, 1, 15, 95, 5.82, , N, 2.14, .36, .140, 1
LAND, WATER, YES, 148, 19, .128, 0.000, .0287, .0031, 5, 0, 3.0, 0, 25, 217, 6.07, N, N, 2.08, .28, .028, 1, 18, 442, 6.27, , N, 2.00, .94, .146, 1
LAND, COUNTRY, YES, 148, 6, .041, .020, 0.0000, .0016, 0, 0, 4.0, 4, 25, 217, 6.07, N, N, 2.08, .28, .028, 1, 19, 324, 4.54, P, N, 1.11, .47, .057, 1
LAND, PROPERTY, YES, 148, 6, .041, .275, .0030, .0043, 3, 0, 2.0, 2, 25, 217, 6.07, N, N, 2.08, .28, .028, 1, 12, 156, 5.99, , N, .91, .36, .014, 1
LAND, GRASS, YES, 148, 4, .027, 0.000, .0098, .0073, 5, 0, 1.0, 0, 25, 217, 6.07, N, N, 2.08, .28, .028, 1, 14, 53, 5.93, T, N, 1.50, .50, .164, 1
LAND, GROUND, YES, 148, 4, .027, 0.000, .0043, .0064, 2, 0, 4.0, 2, 25, 217, 6.07, N, N, 2.08, .28, .028, 1, 14, 186, 5.44, N, N, 1.00, .36, .041, 1
LAND, SOIL, YES, 148, 4, .027, 0.000, .0013, .0022, 2, 0, 3.0, 1, 25, 217, 6.07, N, N, 2.08, .28, .028, 1, 6, 54, 5.70, G, N, 1.33, .67, .043, 1
LAND, TREE, YES, 148, 4, .027, 0.000, .0007, .0020, 2, 0, 2.0, 1, 25, 217, 6.07, N, N, 2.08, .28, .028, 1, 21, 59, 6.62, , N, .76, .76, .275, 1
LAND, ACRE, YES, 148, 3, .020, .675, 0.0000, .0011, 0, 0, 2.0, 2, 25, 217, 6.07, N, N, 2.08, .28, .028, 1, 9, 9, 5.91, , N, 1.44, .22, .014, 1
LAND, EARTH, YES, 148, 3, .020, 0.000, .0052, .0052, 2, 0, 2.0, 0, 25, 217, 6.07, N, N, 2.08, .28, .028, 1, 12, 150, 5.77, , N, 1.92, .50, .140, 1
LAND, FIELD, YES, 148, 3, .020, .030, .0008, .0024, 1, 0, 3.0, 3, 25, 217, 6.07, N, N, 2.08, .28, .028, 1, 34, 274, 6.67, N, N, 1.85, .46, .032, 1
LAND, GREEN, YES, 148, 3, .020, 0.000, .0167, .0071, 7, 0, 2.0, 0, 25, 217, 6.07, N, N, 2.08, .28, .028, 1, 17, 116, 5.46, N, N, 1.19, .94, .142, 1
LAND, HILL, YES, 148, 3, .020, 0.000, .0064, .0098, 2, 0, 3.0, 2, 25, 217, 6.07, N, N, 2.08, .28, .028, 1, 14, 72, 6.02, , N, 2.42, .50, .140, 1
LAND, MARK, YES, 148, 3, .020, 0.000, 0.0000, 0.0000, 0, 0, 0.0, 0, 25, 217, 6.07, N, N, 2.08, .28, .028, 1, 18, 83, 4.60, T, N, 2.24, .18, .011, 1
LAND, MINE, YES, 148, 3, .020, 0.000, .0049, 0.0000, 1, 0, 0.0, 0, 25, 217, 6.07, N, N, 2.08, .28, .028, 1, 11, 59, 4.37, N, N, 1.22, .44, .395, 1
LAND, MOUNTAIN, YES, 148, 3, .020, 0.000, .0088, .0095, 2, 0, 3.0, 2, 25, 217, 6.07, N, N, 2.08, .28, .028, 1, 17, 33, 6.25, , N, 1.29, .50, .169, 1
LAND, OWNER, YES, 148, 3, .020, 0.000, 0.0000, .0028, 0, 0, 2.0, 2, 25, 217, 6.07, N, N, 2.08, .28, .028, 1, 23, 33, 5.90, , N, 2.38, .19, .012, 1
LAND, AIR, YES, 148, 2, .014, 0.000, .0034, .0087, 3, 0, 1.0, 0, 25, 217, 6.07, N, N, 2.08, .28, .028, 1, 17, 257, 5.67, T, N, 1.00, .65, .159, 1
LAND, HOUSE, YES, 148, 2, .014, 0.000, .0135, 0.0000, 5, 0, 0.0, 0, 25, 217, 6.07, N, N, 2.08, .28, .028, 1, 13, 591, 6.21, , N, 1.00, .85, .223, 1
LAND, ISLAND, YES, 148, 2, .014, .021, 0.0000, .0322, 0, 0, 3.0, 3, 25, 217, 6.07, N, N, 2.08, .28, .028, 1, 19, 167, 6.40, , N, 2.88, .35, .040, 1
LAND, MASS, YES, 148, 2, .014, .015, 0.0000, 0.0000, 0, 0, 0.0, 0, 25, 217, 6.07, N, N, 2.08, .28, .028, 1, 19, 110, 4.09, P, N, 1.41, .18, .002, 1
LAND, OCEAN, YES, 148, 2, .014, 0.000, .0876, .0810, 4, 0, 3.0, 0, 25, 217, 6.07, N, N, 2.08, .28, .028, 1, 17, 34, 5.63, , N, 2.31, .69, .169, 1
LAND, REAL ESTATE, YES, 148, 2, .014, .089, 0.0000, .0095, 0, 0, 2.0, 2, 25, 217, 6.07, N, N, 2.08, .28, .028, 1, 11, 0, ¥, , N, 1.38, .38, .004, 0
LAND, SHORE, YES, 148, 2, .014, 0.000, .0002, .0484, 1, 0, 3.0, 2, 25, 217, 6.07, N, N, 2.08, .28, .028, 1, 9, 61, 6.69, , N, 3.11, .33, .008, 1
LAND, VAST, YES, 148, 2, .014, 0.000, 0.0000, .0003, 0, 0, 1.0, 1, 25, 217, 6.07, N, N, 2.08, .28, .028, 1, 18, 61, ¥, , AJ, 1.87, .07, .001, 1
LANDSCAPE, TREES, YES, 151, 30, .199, 0.000, .0069, .0224, 3, 3, 6.0, 2, 20, 20, ¥, , N, 2.71, .06, .003, 1, 19, 101, 7.00, , N, 1.53, .12, .002, 1
LANDSCAPE, GRASS, YES, 151, 21, .139, 0.000, .0574, .0307, 7, 3, 3.0, 0, 20, 20, ¥, , N, 2.71, .06, .003, 1, 14, 53, 5.93, T, N, 1.50, .50, .164, 1
LANDSCAPE, SCENERY, YES, 151, 12, .079, .033, 0.0000, .0231, 0, 3, 6.0, 6, 20, 20, ¥, , N, 2.71, .06, .003, 1, 22, 14, ¥, , N, 1.71, .05, .003, 1
LANDSCAPE, GREEN, YES, 151, 11, .073, 0.000, .1120, .0347, 7, 3, 1.0, 0, 20, 20, ¥, , N, 2.71, .06, .003, 1, 17, 116, 5.46, N, N, 1.19, .94, .142, 1
LANDSCAPE, FLOWERS, YES, 151, 10, .066, 0.000, .0111, .0075, 2, 3, 5.0, 3, 20, 20, ¥, , N, 2.71, .06, .003, 1, 20, 57, ¥, , N, 1.11, .22, .085, 0
LANDSCAPE, YARD, YES, 151, 9, .060, 0.000, .0026, .0383, 3, 3, 4.0, 1, 20, 20, ¥, , N, 2.71, .06, .003, 1, 15, 35, 5.23, P, N, 1.40, .67, .023, 1
LANDSCAPE, BEAUTIFUL, YES, 151, 6, .040, 0.000, .0114, .0051, 4, 3, 1.0, 0, 20, 20, ¥, , N, 2.71, .06, .003, 1, 8, 127, 3.89, , AJ, 2.38, .63, .056, 1
LANDSCAPE, LAWN, YES, 151, 6, .040, 0.000, .0182, .0661, 2, 3, 4.0, 2, 20, 20, ¥, , N, 2.71, .06, .003, 1, 11, 15, 5.76, , N, 1.27, .36, .200, 1
LANDSCAPE, PLANTS, YES, 151, 4, .026, 0.000, .0060, .0466, 2, 3, 4.0, 2, 20, 20, ¥, , N, 2.71, .06, .003, 1, 10, 2, 5.98, , N, .89, .22, .003, 1
LANDSCAPE, ARCHITECT, YES, 151, 3, .020, 0.000, 0.0000, .0015, 0, 3, 2.0, 2, 20, 20, ¥, , N, 2.71, .06, .003, 1, 16, 22, ¥, , N, 1.88, .19, .004, 1
LANDSCAPE, LAND, YES, 151, 3, .020, 0.000, 0.0000, .0060, 0, 3, 5.0, 5, 20, 20, ¥, , N, 2.71, .06, .003, 1, 25, 217, 6.07, N, N, 2.08, .28, .028, 1
LANDSCAPE, ART, YES, 151, 2, .013, 0.000, .0003, .0011, 1, 3, 1.0, 1, 20, 20, ¥, , N, 2.71, .06, .003, 1, 17, 208, 4.36, , N, 1.31, .50, .029, 1
LANDSCAPE, BUSHES, NO, 151, 2, .013, ¥, ¥, ¥, ¥, ¥, ¥, ¥, 20, 20, ¥, , N, 2.71, .06, .003, 1, ¥, ¥, ¥, , , ¥, ¥, ¥, 0
LANDSCAPE, GARDEN, YES, 151, 2, .013, 0.000, .0019, .0002, 3, 3, 1.0, 1, 20, 20, ¥, , N, 2.71, .06, .003, 1, 14, 60, 5.92, , N, 1.23, .31, .041, 1
LANDSCAPE, GROUND, YES, 151, 2, .013, 0.000, .0005, .0110, 1, 3, 1.0, 1, 20, 20, ¥, , N, 2.71, .06, .003, 1, 14, 186, 5.44, N, N, 1.00, .36, .041, 1
LANDSCAPE, HOUSE, YES, 151, 2, .013, 0.000, .0033, .0011, 3, 3, 1.0, 0, 20, 20, ¥, , N, 2.71, .06, .003, 1, 13, 591, 6.21, , N, 1.00, .85, .223, 1
LANDSCAPE, MOUNTAIN, YES, 151, 2, .013, 0.000, .0036, 0.0000, 2, 3, 0.0, 0, 20, 20, ¥, , N, 2.71, .06, .003, 1, 17, 33, 6.25, , N, 1.29, .50, .169, 1
LANDSCAPE, PRETTY, YES, 151, 2, .013, 0.000, .0269, .0038, 4, 3, 1.0, 0, 20, 20, ¥, , N, 2.71, .06, .003, 1, 11, 107, 2.90, , AJ, 2.82, .91, .200, 1
LANDSCAPE, SHRUBS, NO, 151, 2, .013, ¥, ¥, ¥, ¥, ¥, ¥, ¥, 20, 20, ¥, , N, 2.71, .06, .003, 1, ¥, ¥, ¥, , , ¥, ¥, ¥, 0
LANDSCAPE, SOD, NO, 151, 2, .013, ¥, ¥, ¥, ¥, ¥, ¥, ¥, 20, 20, ¥, , N, 2.71, .06, .003, 1, ¥, ¥, ¥, , , ¥, ¥, ¥, 0
LANE, STREET, YES, 148, 26, .176, .051, .0552, .0511, 4, 3, 4.0, 1, 15, 30, 5.07, , N, 2.33, .33, .012, 1, 15, 244, 5.84, , N, 1.87, .67, .200, 1
LANE, ROAD, YES, 148, 20, .135, 0.000, .0750, .0704, 6, 3, 4.0, 1, 15, 30, 5.07, , N, 2.33, .33, .012, 1, 24, 197, 5.48, N, N, 1.77, .64, .163, 1
LANE, DRIVE, YES, 148, 13, .088, 0.000, .0204, .0325, 4, 3, 2.0, 1, 15, 30, 5.07, , N, 2.33, .33, .012, 1, 14, 105, 4.35, T, V, 1.69, .23, .063, 1
LANE, CAR, YES, 148, 9, .061, 0.000, .0720, .0147, 6, 3, 4.0, 0, 15, 30, 5.07, , N, 2.33, .33, .012, 1, 25, 274, 6.35, , N, 2.50, .91, .259, 1
LANE, BOWLING, YES, 148, 8, .054, .041, .0004, .0013, 1, 3, 1.0, 0, 15, 30, 5.07, , N, 2.33, .33, .012, 1, 13, 0, ¥, , N, 1.58, .33, .004, 1
LANE, HIGHWAY, YES, 148, 7, .047, .014, .0128, .0664, 2, 3, 6.0, 4, 15, 30, 5.07, , N, 2.33, .33, .012, 1, 14, 40, 5.95, , N, 3.75, .42, .072, 1
LANE, FAST, YES, 148, 5, .034, 0.000, .0116, .0015, 3, 3, 1.0, 0, 15, 30, 5.07, , N, 2.33, .33, .012, 1, 7, 78, 2.93, N, AJ, 1.43, 1.00, .393, 1
LANE, ALLEY, YES, 148, 4, .027, .021, .0026, .0468, 1, 3, 3.0, 2, 15, 30, 5.07, , N, 2.33, .33, .012, 1, 18, 8, 6.11, , N, 1.28, .17, .005, 1
LANE, LINE, YES, 148, 3, .020, 0.000, 0.0000, .0042, 0, 3, 1.0, 1, 15, 30, 5.07, , N, 2.33, .33, .012, 1, 18, 298, 4.65, T, N, .76, .41, .061, 1
LANE, LOVERS, YES, 148, 3, .020, 0.000, 0.0000, 0.0000, 0, 3, 0.0, 0, 15, 30, 5.07, , N, 2.33, .33, .012, 1, 20, 10, ¥, , N, 1.87, .07, .003, 0
LANE, TRAFFIC, YES, 148, 3, .020, 0.000, .0009, .0137, 1, 3, 2.0, 2, 15, 30, 5.07, , N, 2.33, .33, .012, 1, 14, 68, 5.83, , N, 1.00, .42, .012, 1
LANE, AISLE, NO, 148, 2, .014, ¥, ¥, ¥, ¥, ¥, ¥, ¥, 15, 30, 5.07, , N, 2.33, .33, .012, 1, ¥, ¥, ¥, , , ¥, ¥, ¥, 0
LANE, LOIS, NO, 148, 2, .014, ¥, ¥, ¥, ¥, ¥, ¥, ¥, 15, 30, 5.07, , N, 2.33, .33, .012, 1, ¥, ¥, ¥, , , ¥, ¥, ¥, 0
LANE, PASSING, NO, 148, 2, .014, ¥, ¥, ¥, ¥, ¥, ¥, ¥, 15, 30, 5.07, , N, 2.33, .33, .012, 1, ¥, ¥, ¥, , , ¥, ¥, ¥, 0
LANE, WRONG, YES, 148, 2, .014, 0.000, 0.0000, 0.0000, 0, 3, 0.0, 0, 15, 30, 5.07, , N, 2.33, .33, .012, 1, 6, 129, 2.60, , AJ, .67, .67, .320, 1
LANGUAGE, ENGLISH, YES, 147, 27, .184, .230, .0117, .0120, 3, 1, 2.0, 0, 13, 109, 4.00, , N, 2.25, .83, .084, 1, 16, 195, ¥, , AJ, 1.60, .47, .088, 1
LANGUAGE, SPEECH, YES, 147, 26, .177, .033, .0031, .0167, 3, 1, 4.0, 2, 13, 109, 4.00, , N, 2.25, .83, .084, 1, 17, 61, 4.87, , N, 1.82, .35, .039, 1
LANGUAGE, SPEAK, YES, 147, 21, .143, .017, .0139, .0246, 3, 1, 1.0, 0, 13, 109, 4.00, , N, 2.25, .83, .084, 1, 16, 110, 4.15, , V, 2.12, .56, .136, 1
LANGUAGE, SPANISH, YES, 147, 11, .075, .320, .0313, .0237, 4, 1, 4.0, 0, 13, 109, 4.00, , N, 2.25, .83, .084, 1, 18, 36, ¥, , AJ, 1.77, .54, .053, 0
LANGUAGE, COMMUNICATION, YES, 147, 10, .068, .013, 0.0000, .0257, 0, 1, 4.0, 4, 13, 109, 4.00, , N, 2.25, .83, .084, 1, 16, 67, ¥, , N, 1.77, .39, .010, 1
LANGUAGE, TALK, YES, 147, 6, .041, 0.000, .1619, .0343, 4, 1, 3.0, 0, 13, 109, 4.00, , N, 2.25, .83, .084, 1, 18, 154, 4.18, , V, 1.79, .86, .209, 0
LANGUAGE, FOREIGN, YES, 147, 5, .034, .146, .0021, .0041, 3, 1, 1.0, 0, 13, 109, 4.00, , N, 2.25, .83, .084, 1, 20, 158, ¥, , AJ, 1.21, .43, .011, 0
LANGUAGE, FRENCH, YES, 147, 5, .034, .065, .0115, .0111, 3, 1, 3.0, 1, 13, 109, 4.00, , N, 2.25, .83, .084, 1, 17, 139, ¥, , AJ, 1.00, .44, .013, 1
LANGUAGE, WORDS, YES, 147, 5, .034, .021, .0053, .0057, 2, 1, 2.0, 0, 13, 109, 4.00, , N, 2.25, .83, .084, 1, 19, 274, ¥, , N, 1.93, .43, .048, 0
LANGUAGE, DISORDER, YES, 147, 4, .027, 0.000, .0022, 0.0000, 1, 1, 0.0, 0, 13, 109, 4.00, , N, 2.25, .83, .084, 1, 22, 7, ¥, G, N, 1.29, .18, .002, 0
LANGUAGE, CULTURE, YES, 147, 2, .014, .010, 0.0000, .0003, 0, 1, 1.0, 1, 13, 109, 4.00, , N, 2.25, .83, .084, 1, 29, 58, 3.47, , N, 1.57, .30, .011, 0
LANGUAGE, ITALIAN, YES, 147, 2, .014, .026, .0010, .0024, 1, 1, 2.0, 1, 13, 109, 4.00, , N, 2.25, .83, .084, 1, 25, 47, ¥, , AJ, 1.42, .33, .022, 1
LANGUAGE, LINGUISTICS, NO, 147, 2, .014, ¥, ¥, ¥, ¥, ¥, ¥, ¥, 13, 109, 4.00, , N, 2.25, .83, .084, 1, ¥, ¥, ¥, , , ¥, ¥, ¥, 0
LAP, SIT, YES, 148, 26, .176, .011, .0047, 0.0000, 2, 0, 0.0, 0, 14, 19, ¥, N, N, .79, .07, .002, 1, 14, 67, 4.33, , V, 1.17, .58, .230, 1
LAP, LEGS, YES, 148, 21, .142, 0.000, 0.0000, .0005, 0, 0, 1.0, 1, 14, 19, ¥, N, N, .79, .07, .002, 1, 13, 58, 6.04, , N, 1.18, .46, .311, 1
LAP, TOP, YES, 148, 19, .128, 0.000, .0035, .0010, 1, 0, 1.0, 1, 14, 19, ¥, N, N, .79, .07, .002, 1, 11, 204, 4.31, T, N, .82, .55, .359, 1
LAP, DOG, YES, 148, 11, .074, 0.000, .0120, .0133, 2, 0, 1.0, 0, 14, 19, ¥, N, N, .79, .07, .002, 1, 5, 75, 5.75, , N, .40, .80, .437, 1
LAP, BABY, YES, 148, 5, .034, 0.000, .0028, .0030, 1, 0, 1.0, 0, 14, 19, ¥, N, N, .79, .07, .002, 1, 19, 62, 5.77, , N, 2.05, .63, .140, 1
LAP, DESK, YES, 148, 5, .034, 0.000, 0.0000, .0132, 0, 0, 1.0, 1, 14, 19, ¥, N, N, .79, .07, .002, 1, 18, 65, 5.79, , N, 3.17, .33, .013, 1
LAP, SEAT, YES, 148, 5, .034, 0.000, 0.0000, .0229, 0, 0, 2.0, 2, 14, 19, ¥, N, N, .79, .07, .002, 1, 10, 54, 6.79, , N, 1.10, .30, .070, 1
LAP, DRINK, YES, 148, 4, .027, 0.000, 0.0000, 0.0000, 0, 0, 0.0, 0, 14, 19, ¥, N, N, .79, .07, .002, 1, 20, 82, 4.95, G, V, 2.58, .90, .117, 1
LAP, SWIM, YES, 148, 4, .027, 0.000, 0.0000, .0002, 0, 0, 1.0, 1, 14, 19, ¥, N, N, .79, .07, .002, 1, 19, 15, 4.85, G, V, 1.94, .69, .076, 1
LAP, CAT, YES, 148, 3, .020, 0.000, .0494, .0380, 1, 0, 1.0, 0, 14, 19, ¥, N, N, .79, .07, .002, 1, 3, 23, 6.21, , N, 0.00, 1.00, .607, 1
LAP, DANCE, YES, 148, 3, .020, 0.000, 0.0000, .0025, 0, 0, 1.0, 1, 14, 19, ¥, N, N, .79, .07, .002, 1, 19, 90, 4.98, , V, 1.47, .58, .055, 1
LAP, BELT, YES, 148, 2, .014, 0.000, .0005, 0.0000, 1, 0, 0.0, 0, 14, 19, ¥, N, N, .79, .07, .002, 1, 11, 29, 5.98, T, N, 1.27, .46, .161, 1
LAP, CHILD, YES, 148, 2, .014, 0.000, .0072, .0069, 1, 0, 1.0, 0, 14, 19, ¥, N, N, .79, .07, .002, 1, 15, 213, 5.72, , N, 2.60, .53, .163, 1
LAP, RUN, YES, 148, 2, .014, 0.000, .0051, 0.0000, 2, 0, 0.0, 0, 14, 19, ¥, N, N, .79, .07, .002, 1, 10, 212, 4.51, , V, 1.00, .80, .353, 1
LAPEL, COLLAR, YES, 148, 22, .149, 0.000, .0035, .0369, 1, 1, 1.0, 0, 10, 1, ¥, , N, 1.22, 0.00, 0.000, 1, 14, 17, 6.09, , N, 1.50, .36, .014, 1
LAPEL, SUIT, YES, 148, 17, .115, 0.000, .0008, .0074, 1, 1, 3.0, 2, 10, 1, ¥, , N, 1.22, 0.00, 0.000, 1, 21, 48, 5.41, N, N, 2.21, .37, .019, 1
LAPEL, SHIRT, YES, 148, 16, .108, 0.000, .0556, .0059, 4, 1, 2.0, 0, 10, 1, ¥, , N, 1.22, 0.00, 0.000, 1, 17, 27, 6.05, , N, 3.00, .81, .201, 1
LAPEL, COAT, YES, 148, 10, .068, 0.000, .0391, .0107, 2, 1, 1.0, 0, 10, 1, ¥, , N, 1.22, 0.00, 0.000, 1, 17, 43, 5.83, N, N, 1.56, .50, .135, 1
LAPEL, PIN, YES, 148, 10, .068, 0.000, 0.0000, .0012, 0, 1, 1.0, 1, 10, 1, ¥, , N, 1.22, 0.00, 0.000, 1, 15, 16, 5.81, , N, 1.14, .57, .076, 1
LAPEL, JACKET, YES, 148, 9, .061, 0.000, .0171, .0413, 3, 1, 3.0, 0, 10, 1, ¥, , N, 1.22, 0.00, 0.000, 1, 15, 33, 6.31, , N, 3.00, .39, .104, 1
LAPEL, FLOWER, YES, 148, 3, .020, 0.000, 0.0000, 0.0000, 0, 1, 0.0, 0, 10, 1, ¥, , N, 1.22, 0.00, 0.000, 1, 21, 23, 5.62, G, N, 1.62, .67, .265, 1
LAPEL, CHAPEL, YES, 148, 2, .014, 0.000, 0.0000, 0.0000, 0, 1, 0.0, 0, 10, 1, ¥, , N, 1.22, 0.00, 0.000, 1, 11, 20, 5.66, , N, 2.55, .09, 0.000, 1
LAPEL, CLOTHING, NO, 148, 2, .014, ¥, ¥, ¥, ¥, ¥, ¥, ¥, 10, 1, ¥, , N, 1.22, 0.00, 0.000, 1, ¥, ¥, ¥, , , ¥, ¥, ¥, 0
LAPEL, LIGHT, YES, 148, 2, .014, 0.000, 0.0000, 0.0000, 0, 1, 0.0, 0, 10, 1, ¥, , N, 1.22, 0.00, 0.000, 1, 12, 333, 5.39, N, N, 1.27, .82, .361, 1
LARGE, SMALL, YES, 127, 77, .606, .176, .1284, .0663, 4, 0, 1.0, 0, 6, 361, 3.14, , AJ, 2.33, 1.00, .127, 1, 9, 542, 3.98, , AJ, 1.88, .88, .427, 1
LARGE, BIG, YES, 127, 24, .189, .068, .2361, .3853, 5, 0, 2.0, 0, 6, 361, 3.14, , AJ, 2.33, 1.00, .127, 1, 9, 360, 2.83, , AJ, 1.44, .67, .293, 1
LARGE, GIANT, YES, 127, 5, .039, .035, 0.0000, .0908, 0, 0, 3.0, 3, 6, 361, 3.14, , AJ, 2.33, 1.00, .127, 1, 17, 23, 5.33, , N, 2.60, .13, .005, 1
LARGE, ELEPHANT, YES, 127, 3, .024, .041, 0.0000, .0343, 0, 0, 3.0, 3, 6, 361, 3.14, , AJ, 2.33, 1.00, .127, 1, 19, 7, 7.00, , N, 1.05, .37, .028, 1
LARGE, FAT, YES, 127, 3, .024, .011, .0010, .0138, 2, 0, 2.0, 2, 6, 361, 3.14, , AJ, 2.33, 1.00, .127, 1, 16, 60, 4.80, , N, 1.47, .60, .229, 1
LARGE, HUGE, YES, 127, 3, .024, .200, .0077, .2051, 3, 0, 3.0, 2, 6, 361, 3.14, , AJ, 2.33, 1.00, .127, 1, 7, 54, 4.21, , AJ, 2.14, .43, .013, 1
LASER, BEAM, YES, 146, 53, .363, .041, .0007, .0719, 1, 3, 2.0, 1, 13, 0, ¥, , N, .50, .30, .016, 0, 13, 21, 4.70, N, N, 1.00, .39, .024, 1
LASER, LIGHT, YES, 146, 23, .158, 0.000, .1660, 0.0000, 2, 3, 0.0, 0, 13, 0, ¥, , N, .50, .30, .016, 0, 12, 333, 5.39, N, N, 1.27, .82, .361, 1
LASER, DISK, NO, 146, 9, .062, ¥, ¥, ¥, ¥, ¥, ¥, ¥, 13, 0, ¥, , N, .50, .30, .016, 0, ¥, ¥, ¥, , , ¥, ¥, ¥, 0
LASER, GUN, YES, 146, 7, .048, 0.000, .0006, 0.0000, 1, 3, 0.0, 0, 13, 0, ¥, , N, .50, .30, .016, 0, 18, 118, 6.08, G, N, 2.24, .59, .286, 1
LASER, LIGHTS, NO, 146, 4, .027, ¥, ¥, ¥, ¥, ¥, ¥, ¥, 13, 0, ¥, , N, .50, .30, .016, 0, ¥, ¥, ¥, , , ¥, ¥, ¥, 0
LASER, PRINTER, YES, 146, 4, .027, .020, 0.0000, 0.0000, 0, 3, 0.0, 0, 13, 0, ¥, , N, .50, .30, .016, 0, 15, 18, ¥, , N, 1.57, .29, .019, 1
LASER, JET, YES, 146, 3, .021, 0.000, 0.0000, 0.0000, 0, 3, 0.0, 0, 13, 0, ¥, , N, .50, .30, .016, 0, 10, 29, 5.76, T, N, .57, .43, .024, 1
LASER, SHOW, YES, 146, 3, .021, 0.000, 0.0000, 0.0000, 0, 3, 0.0, 0, 13, 0, ¥, , N, .50, .30, .016, 0, 24, 287, 3.93, G, V, 1.52, .44, .046, 1
LASER, RAY, YES, 146, 2, .014, .027, .0051, .0327, 1, 3, 3.0, 2, 13, 0, ¥, , N, .50, .30, .016, 0, 11, 19, ¥, , N, 1.43, .29, .001, 0
LASER, RED, YES, 146, 2, .014, 0.000, 0.0000, 0.0000, 0, 3, 0.0, 0, 13, 0, ¥, , N, .50, .30, .016, 0, 14, 197, 4.97, , N, 2.31, .85, .079, 1
LASER, STAR WARS, NO, 146, 2, .014, ¥, ¥, ¥, ¥, ¥, ¥, ¥, 13, 0, ¥, , N, .50, .30, .016, 0, ¥, ¥, ¥, , , ¥, ¥, ¥, 0
LASER, TAG, YES, 146, 2, .014, 0.000, 0.0000, 0.0000, 0, 3, 0.0, 0, 13, 0, ¥, , N, .50, .30, .016, 0, 21, 5, ¥, N, N, 1.11, .11, .010, 1
LASER, TECHNOLOGY, YES, 146, 2, .014, 0.000, 0.0000, 0.0000, 0, 3, 0.0, 0, 13, 0, ¥, , N, .50, .30, .016, 0, 18, 43, ¥, , N, 1.00, .20, .012, 1
LASH, EYE, YES, 138, 27, .196, .039, 0.0000, 0.0000, 0, 0, 0.0, 0, 14, 6, ¥, W, N, 1.86, .14, .026, 1, 13, 122, 6.28, , N, 1.82, .73, .139, 1
LASH, WHIP, YES, 138, 26, .188, .095, .0010, .0104, 1, 0, 3.0, 2, 14, 6, ¥, W, N, 1.86, .14, .026, 1, 14, 19, 5.35, , V, 1.07, .36, .033, 1
LASH, HIT, YES, 138, 14, .101, 0.000, .0333, .0021, 5, 0, 1.0, 0, 14, 6, ¥, W, N, 1.86, .14, .026, 1, 18, 115, 4.39, G, V, 1.18, .47, .045, 1
LASH, OUT, YES, 138, 9, .065, 0.000, .0027, 0.0000, 1, 0, 0.0, 0, 14, 6, ¥, W, N, 1.86, .14, .026, 1, 6, 2096, 2.40, G, AD, .20, .40, .758, 1
LASH, BEAT, YES, 138, 5, .036, 0.000, .0238, .0292, 3, 0, 4.0, 2, 14, 6, ¥, W, N, 1.86, .14, .026, 1, 17, 68, 3.67, G, V, 1.25, .50, .019, 1
LASH, STRIKE, YES, 138, 5, .036, 0.000, .0004, .0506, 1, 0, 3.0, 2, 14, 6, ¥, W, N, 1.86, .14, .026, 1, 15, 50, ¥, N, V, 1.20, .33, .004, 1
LASH, HURT, YES, 138, 4, .029, 0.000, .0361, .0179, 8, 0, 3.0, 0, 14, 6, ¥, W, N, 1.86, .14, .026, 1, 12, 37, 3.66, , V, 1.17, .83, .347, 1
LASH, PAIN, YES, 138, 4, .029, 0.000, .0174, .0160, 4, 0, 1.0, 0, 14, 6, ¥, W, N, 1.86, .14, .026, 1, 13, 88, 4.22, , N, .92, .50, .340, 1
LASH, CUT, YES, 138, 3, .022, 0.000, .0033, .0032, 2, 0, 2.0, 1, 14, 6, ¥, W, N, 1.86, .14, .026, 1, 21, 192, 4.15, G, N, 1.35, .60, .072, 1
LASH, ATTACK, YES, 138, 2, .014, 0.000, 0.0000, .0049, 0, 0, 4.0, 4, 14, 6, ¥, W, N, 1.86, .14, .026, 1, 20, 105, 3.87, , V, 2.70, .20, .014, 1
LASH, HARSH, YES, 138, 2, .014, 0.000, 0.0000, .0034, 0, 0, 2.0, 2, 14, 6, ¥, W, N, 1.86, .14, .026, 1, 17, 12, 3.50, , AJ, 2.00, .31, .005, 1
LASH, MASCARA, YES, 138, 2, .014, 0.000, 0.0000, 0.0000, 0, 0, 0.0, 0, 14, 6, ¥, W, N, 1.86, .14, .026, 1, 11, 1, ¥, , N, 1.62, .25, .006, 0
LASH, MEAN, YES, 138, 2, .014, 0.000, .0030, 0.0000, 1, 0, 0.0, 0, 14, 6, ¥, W, N, 1.86, .14, .026, 1, 18, 199, 3.09, N, N, 1.53, .59, .126, 1
LASH, SCAR, YES, 138, 2, .014, 0.000, 0.0000, .0041, 0, 0, 3.0, 3, 14, 6, ¥, W, N, 1.86, .14, .026, 1, 26, 10, 5.48, , N, 2.82, .14, .001, 1
LAST, FIRST, YES, 127, 73, .575, .467, 0.0000, 0.0000, 0, 0, 0.0, 0, 8, 676, 2.79, , AJ, .62, .50, .273, 1, 11, 1360, 3.07, , AJ, .45, .36, .369, 1
LAST, END, YES, 127, 9, .071, 0.000, .0403, .0046, 2, 0, 1.0, 0, 8, 676, 2.79, , AJ, .62, .50, .273, 1, 8, 410, 3.16, G, N, 1.43, .57, .293, 1
LAST, FINAL, YES, 127, 8, .063, .051, 0.0000, .0352, 0, 0, 2.0, 2, 8, 676, 2.79, , AJ, .62, .50, .273, 1, 8, 156, 3.68, , AJ, 1.75, .13, .003, 1
LAST, LONG, YES, 127, 7, .055, 0.000, .0018, 0.0000, 1, 0, 0.0, 0, 8, 676, 2.79, , AJ, .62, .50, .273, 1, 13, 755, 3.68, , AJ, 1.25, .42, .128, 1
LAST, FINISH, YES, 127, 5, .039, 0.000, .0116, .0197, 2, 0, 1.0, 0, 8, 676, 2.79, , AJ, .62, .50, .273, 1, 8, 39, 2.78, T, V, 1.25, .63, .240, 1
LAST, FOREVER, YES, 127, 5, .039, 0.000, 0.0000, .0026, 0, 0, 1.0, 1, 8, 676, 2.79, , AJ, .62, .50, .273, 1, 14, 39, 1.95, , AD, 2.92, .54, .241, 1
LAST, CHANCE, YES, 127, 2, .016, .020, 0.0000, 0.0000, 0, 0, 0.0, 0, 8, 676, 2.79, , AJ, .62, .50, .273, 1, 19, 131, 2.71, T, N, .95, .53, .072, 1
LAST, LEAST, YES, 127, 2, .016, .034, 0.0000, 0.0000, 0, 0, 0.0, 0, 8, 676, 2.79, , AJ, .62, .50, .273, 1, 11, 343, 2.65, , AJ, 1.82, .27, .100, 1
LASTING, LONG, YES, 147, 38, .259, 0.000, .0121, .0005, 4, 3, 1.0, 1, 16, 13, ¥, , AJ, 1.54, .23, .008, 1, 13, 755, 3.68, , AJ, 1.25, .42, .128, 1
LASTING, FOREVER, YES, 147, 33, .224, .027, .0132, .0172, 3, 3, 5.0, 3, 16, 13, ¥, , AJ, 1.54, .23, .008, 1, 14, 39, 1.95, , AD, 2.92, .54, .241, 1
LASTING, RELATIONSHIP, YES, 147, 12, .082, 0.000, 0.0000, .0158, 0, 3, 3.0, 3, 16, 13, ¥, , AJ, 1.54, .23, .008, 1, 19, 88, ¥, , N, 1.88, .12, .005, 1
LASTING, LOVE, YES, 147, 6, .041, 0.000, .0489, .0003, 6, 3, 1.0, 0, 16, 13, ¥, , AJ, 1.54, .23, .008, 1, 18, 232, 3.51, , N, 1.67, .78, .236, 1
LASTING, FRIENDSHIP, YES, 147, 4, .027, .033, .0004, .0200, 1, 3, 2.0, 1, 16, 13, ¥, , AJ, 1.54, .23, .008, 1, 21, 27, ¥, , N, 2.25, .20, .005, 1
LASTING, END, YES, 147, 3, .020, 0.000, 0.0000, 0.0000, 0, 3, 0.0, 0, 16, 13, ¥, , AJ, 1.54, .23, .008, 1, 8, 410, 3.16, G, N, 1.43, .57, .293, 1
LASTING, ENDURING, NO, 147, 3, .020, ¥, ¥, ¥, ¥, ¥, ¥, ¥, 16, 13, ¥, , AJ, 1.54, .23, .008, 1, ¥, ¥, ¥, , , ¥, ¥, ¥, 0
LASTING, ETERNAL, YES, 147, 3, .020, 0.000, .0080, .1250, 2, 3, 3.0, 2, 16, 13, ¥, , AJ, 1.54, .23, .008, 1, 11, 29, 2.02, , AJ, 2.00, .13, .018, 1
LASTING, GUM, YES, 147, 3, .020, 0.000, 0.0000, 0.0000, 0, 3, 0.0, 0, 16, 13, ¥, , AJ, 1.54, .23, .008, 1, 9, 14, 6.05, , N, 1.00, .56, .245, 1
LASTING, IMPRESSION, YES, 147, 3, .020, 0.000, 0.0000, 0.0000, 0, 3, 0.0, 0, 16, 13, ¥, , AJ, 1.54, .23, .008, 1, 25, 45, 2.25, , N, 1.78, .13, .001, 1
LASTING, MARRIAGE, YES, 147, 3, .020, 0.000, .0064, .0049, 1, 3, 1.0, 1, 16, 13, ¥, , AJ, 1.54, .23, .008, 1, 19, 95, 3.94, , N, 2.00, .50, .087, 1
LASTING, AWHILE, NO, 147, 2, .014, ¥, ¥, ¥, ¥, ¥, ¥, ¥, 16, 13, ¥, , AJ, 1.54, .23, .008, 1, ¥, ¥, ¥, , , ¥, ¥, ¥, 0
LASTING, DURABLE, NO, 147, 2, .014, ¥, ¥, ¥, ¥, ¥, ¥, ¥, 16, 13, ¥, , AJ, 1.54, .23, .008, 1, ¥, ¥, ¥, , , ¥, ¥, ¥, 0
LASTING, EVER, YES, 147, 2, .014, .082, .0060, .0194, 1, 3, 3.0, 2, 16, 13, ¥, , AJ, 1.54, .23, .008, 1, 14, 345, 2.91, , AD, 1.46, .31, .039, 1
LASTING, MEMORIES, YES, 147, 2, .014, 0.000, 0.0000, .0008, 0, 3, 1.0, 1, 16, 13, ¥, , AJ, 1.54, .23, .008, 1, 22, 15, ¥, , N, 1.00, .08, .004, 0
LASTING, TIME, YES, 147, 2, .014, 0.000, .0149, 0.0000, 2, 3, 0.0, 0, 16, 13, ¥, , AJ, 1.54, .23, .008, 1, 14, 1599, 3.79, , N, .71, .64, .322, 1
LATCH, KEY, YES, 184, 71, .386, 0.000, .0612, .0673, 2, 1, 3.0, 1, 12, 5, 5.41, , N, 2.18, .09, 0.000, 1, 9, 88, 6.08, N, N, .78, .22, .106, 1
LATCH, LOCK, YES, 184, 27, .147, 0.000, .1054, .1857, 3, 1, 5.0, 2, 12, 5, 5.41, , N, 2.18, .09, 0.000, 1, 14, 23, 5.02, N, N, 2.08, .46, .122, 1
LATCH, DOOR, YES, 184, 25, .136, 0.000, .1181, .0142, 5, 1, 4.0, 0, 12, 5, 5.41, , N, 2.18, .09, 0.000, 1, 23, 312, 5.95, , N, 1.27, .68, .181, 1
LATCH, HOOK, YES, 184, 17, .092, 0.000, 0.0000, .0004, 0, 1, 1.0, 1, 12, 5, 5.41, , N, 2.18, .09, 0.000, 1, 17, 5, 5.13, G, N, 1.18, .24, .008, 1
LATCH, CLOSE, YES, 184, 6, .033, 0.000, .0193, .0172, 5, 1, 2.0, 0, 12, 5, 5.41, , N, 2.18, .09, 0.000, 1, 9, 234, 3.24, , AJ, .78, .67, .393, 1
LATCH, ON, YES, 184, 6, .033, 0.000, .0002, 0.0000, 1, 1, 0.0, 0, 12, 5, 5.41, , N, 2.18, .09, 0.000, 1, 5, 6742, 2.55, G, PP, .60, .60, .790, 1
LATCH, CATCH, YES, 184, 2, .011, 0.000, .0029, .0004, 1, 1, 1.0, 1, 12, 5, 5.41, , N, 2.18, .09, 0.000, 1, 19, 43, 4.02, , V, 1.82, .41, .044, 1
LATCH, GATE, YES, 184, 2, .011, .013, 0.0000, .0273, 0, 1, 4.0, 4, 12, 5, 5.41, , N, 2.18, .09, 0.000, 1, 12, 37, 5.69, , N, 2.00, .18, .033, 1
LATCH, HOLD, YES, 184, 2, .011, 0.000, .0004, .0011, 1, 1, 2.0, 2, 12, 5, 5.41, , N, 2.18, .09, 0.000, 1, 17, 169, 4.08, W, V, 1.69, .63, .094, 1
LATCH, LOOSE, YES, 184, 2, .011, 0.000, 0.0000, 0.0000, 0, 1, 0.0, 0, 12, 5, 5.41, , N, 2.18, .09, 0.000, 1, 7, 53, 3.24, , AJ, 1.00, .33, .249, 1
LATCH, OPEN, YES, 184, 2, .011, 0.000, .0532, .0322, 5, 1, 2.0, 0, 12, 5, 5.41, , N, 2.18, .09, 0.000, 1, 5, 319, 3.72, G, AJ, 1.60, 1.00, .340, 1
LATCH, UNLOCK, NO, 184, 2, .011, ¥, ¥, ¥, ¥, ¥, ¥, ¥, 12, 5, 5.41, , N, 2.18, .09, 0.000, 1, ¥, ¥, ¥, , , ¥, ¥, ¥, 0
LATE, EARLY, YES, 148, 70, .473, .507, .0019, .0002, 1, 0, 1.0, 1, 11, 179, 2.53, , AJ, 1.09, .46, .321, 1, 8, 366, 2.54, , AJ, .43, .43, .287, 1
LATE, NIGHT, YES, 148, 24, .162, 0.000, .0061, .0003, 2, 0, 1.0, 1, 11, 179, 2.53, , AJ, 1.09, .46, .321, 1, 6, 411, 4.83, G, N, .50, .67, .606, 1
LATE, TARDY, YES, 148, 13, .088, .899, 0.0000, .0099, 0, 0, 1.0, 1, 11, 179, 2.53, , AJ, 1.09, .46, .321, 1, 3, 1, 2.53, , AJ, .67, .33, .079, 1
LATE, DATE, YES, 148, 3, .020, 0.000, 0.0000, .0020, 0, 0, 1.0, 1, 11, 179, 2.53, , AJ, 1.09, .46, .321, 1, 20, 103, 5.38, N, N, 1.11, .16, .021, 1
LATE, CLASS, YES, 148, 2, .014, 0.000, 0.0000, .0004, 0, 0, 1.0, 1, 11, 179, 2.53, , AJ, 1.09, .46, .321, 1, 23, 207, 5.03, G, N, 2.83, .61, .027, 1
LATE, CLOCK, YES, 148, 2, .014, 0.000, .0118, .0091, 2, 0, 1.0, 0, 11, 179, 2.53, , AJ, 1.09, .46, .321, 1, 7, 20, 6.94, , N, .71, .57, .292, 1
LATE, EVENING, YES, 148, 2, .014, .013, 0.0000, .0676, 0, 0, 1.0, 1, 11, 179, 2.53, , AJ, 1.09, .46, .321, 1, 8, 133, 3.93, , N, 1.38, .50, .010, 1
LATE, MIDNIGHT, YES, 148, 2, .014, .087, 0.0000, .0002, 0, 0, 1.0, 1, 11, 179, 2.53, , AJ, 1.09, .46, .321, 1, 20, 23, ¥, , N, 1.12, .12, .005, 1
LATE, PARTY, YES, 148, 2, .014, 0.000, .0002, .0031, 1, 0, 2.0, 2, 11, 179, 2.53, , AJ, 1.09, .46, .321, 1, 22, 216, 5.50, T, N, 1.29, .33, .029, 1
LATE, SHOW, YES, 148, 2, .014, 0.000, 0.0000, .0007, 0, 0, 1.0, 1, 11, 179, 2.53, , AJ, 1.09, .46, .321, 1, 24, 287, 3.93, G, V, 1.52, .44, .046, 1
LATE, TIME, YES, 148, 2, .014, .019, .0165, .0052, 6, 0, 1.0, 0, 11, 179, 2.53, , AJ, 1.09, .46, .321, 1, 14, 1599, 3.79, , N, .71, .64, .322, 1
LATHER, SOAP, YES, 147, 99, .673, .027, .0413, .0023, 3, 1, 1.0, 0, 6, 3, 4.31, , N, 1.40, .40, .019, 1, 22, 22, 5.77, , N, 1.76, .48, .055, 1
LATHER, RINSE, YES, 147, 9, .061, 0.000, 0.0000, .0283, 0, 1, 1.0, 1, 6, 3, 4.31, , N, 1.40, .40, .019, 1, 10, 6, 4.00, , V, 2.50, 0.00, 0.000, 1
LATHER, SUDS, YES, 147, 9, .061, 0.000, .0263, .4052, 2, 1, 2.0, 0, 6, 3, 4.31, , N, 1.40, .40, .019, 1, 5, 9, 6.75, G, N, 2.20, .40, .023, 1
LATHER, SHAVE, YES, 147, 7, .048, .014, .0044, 0.0000, 1, 1, 0.0, 0, 6, 3, 4.31, , N, 1.40, .40, .019, 1, 12, 6, 4.54, , N, .73, .55, .043, 1
LATHER, FOAM, YES, 147, 5, .034, 0.000, .0012, .0492, 1, 1, 3.0, 2, 6, 3, 4.31, , N, 1.40, .40, .019, 1, 19, 37, 6.73, G, N, 1.44, .19, .003, 1
LATHER, BATHE, NO, 147, 3, .020, ¥, ¥, ¥, ¥, ¥, ¥, ¥, 6, 3, 4.31, , N, 1.40, .40, .019, 1, ¥, ¥, ¥, , , ¥, ¥, ¥, 0
LATIN, LANGUAGE, YES, 148, 34, .230, 0.000, .0863, .0234, 7, 0, 6.0, 0, 18, 50, ¥, , N, 1.72, .17, .012, 1, 13, 109, 4.00, , N, 2.25, .83, .084, 1
LATIN, SPANISH, YES, 148, 33, .223, .020, .0328, .0794, 5, 0, 4.0, 0, 18, 50, ¥, , N, 1.72, .17, .012, 1, 18, 36, ¥, , AJ, 1.77, .54, .053, 0
LATIN, AMERICAN, YES, 148, 8, .054, 0.000, 0.0000, .0007, 0, 0, 2.0, 2, 18, 50, ¥, , N, 1.72, .17, .012, 1, 19, 569, ¥, , AJ, 1.12, .29, .067, 1
LATIN, FRENCH, YES, 148, 8, .054, 0.000, .0219, .0330, 3, 0, 4.0, 1, 18, 50, ¥, , N, 1.72, .17, .012, 1, 17, 139, ¥, , AJ, 1.00, .44, .013, 1
LATIN, GREEK, YES, 148, 8, .054, .122, 0.0000, .0193, 0, 0, 2.0, 2, 18, 50, ¥, , N, 1.72, .17, .012, 1, 19, 61, 4.84, G, N, 1.00, .18, .014, 1
LATIN, AMERICA, YES, 148, 5, .034, 0.000, .0003, 0.0000, 1, 0, 0.0, 0, 18, 50, ¥, , N, 1.72, .17, .012, 1, 13, 194, ¥, , N, 2.00, .33, .052, 1
LATIN, HISPANIC, YES, 148, 4, .027, .026, 0.0000, .0640, 0, 0, 3.0, 3, 18, 50, ¥, , N, 1.72, .17, .012, 1, 18, 0, ¥, , N, 1.91, .09, .001, 0
LATIN, ENGLISH, YES, 148, 3, .020, 0.000, .0689, .0874, 3, 0, 4.0, 1, 18, 50, ¥, , N, 1.72, .17, .012, 1, 16, 195, ¥, , AJ, 1.60, .47, .088, 1
LATIN, LOVER, YES, 148, 3, .020, 0.000, 0.0000, 0.0000, 0, 0, 0.0, 0, 18, 50, ¥, , N, 1.72, .17, .012, 1, 16, 19, 5.58, , N, 2.25, .38, .011, 1
LATIN, MEDICINE, YES, 148, 3, .020, 0.000, 0.0000, .0002, 0, 0, 1.0, 1, 18, 50, ¥, , N, 1.72, .17, .012, 1, 27, 30, 5.27, , N, 2.42, .39, .041, 1
LATIN, CULTURE, YES, 148, 2, .014, 0.000, .0038, .0024, 2, 0, 2.0, 1, 18, 50, ¥, , N, 1.72, .17, .012, 1, 29, 58, 3.47, , N, 1.57, .30, .011, 0
LATIN, FOREIGN, YES, 148, 2, .014, 0.000, .0175, .0456, 7, 0, 2.0, 0, 18, 50, ¥, , N, 1.72, .17, .012, 1, 20, 158, ¥, , AJ, 1.21, .43, .011, 0
LATIN, HARD, YES, 148, 2, .014, 0.000, 0.0000, 0.0000, 0, 0, 0.0, 0, 18, 50, ¥, , N, 1.72, .17, .012, 1, 10, 202, 4.21, N, AJ, 1.00, .90, .328, 1
LATIN, MAN, YES, 148, 2, .014, 0.000, .0003, 0.0000, 1, 0, 0.0, 0, 18, 50, ¥, , N, 1.72, .17, .012, 1, 9, 1207, 6.14, , N, .56, .67, .402, 1
LATIN, ME, YES, 148, 2, .014, 0.000, .0011, 0.0000, 1, 0, 0.0, 0, 18, 50, ¥, , N, 1.72, .17, .012, 1, 12, 1181, 5.00, , P, 1.09, .64, .402, 0
LATIN, MUSIC, YES, 148, 2, .014, 0.000, 0.0000, 0.0000, 0, 0, 0.0, 0, 18, 50, ¥, , N, 1.72, .17, .012, 1, 25, 216, 5.15, , N, 2.64, .88, .108, 1
LATIN, ROOT, YES, 148, 2, .014, 0.000, 0.0000, 0.0000, 0, 0, 0.0, 0, 18, 50, ¥, , N, 1.72, .17, .012, 1, 10, 30, 5.54, N, N, .70, .20, .006, 1
LATIN, WORDS, YES, 148, 2, .014, 0.000, .0078, .0048, 1, 0, 1.0, 0, 18, 50, ¥, , N, 1.72, .17, .012, 1, 19, 274, ¥, , N, 1.93, .43, .048, 0
LAUGH, CRY, YES, 165, 79, .479, .116, 0.0000, .0067, 0, 0, 2.0, 2, 8, 28, 4.29, , V, 1.75, .88, .181, 1, 14, 48, 4.32, , V, 1.69, .77, .292, 1
LAUGH, HAPPY, YES, 165, 23, .139, .027, .0526, .0098, 5, 0, 1.0, 0, 8, 28, 4.29, , V, 1.75, .88, .181, 1, 8, 98, 3.51, , AJ, 1.29, .86, .471, 1
LAUGH, SMILE, YES, 165, 15, .091, .106, .0321, .0463, 5, 0, 1.0, 0, 8, 28, 4.29, , V, 1.75, .88, .181, 1, 12, 58, 5.12, , N, 1.45, .64, .155, 1
LAUGH, GIGGLE, YES, 165, 12, .073, .780, 0.0000, .0092, 0, 0, 4.0, 4, 8, 28, 4.29, , V, 1.75, .88, .181, 1, 7, 1, 4.18, , V, 2.43, .29, .057, 1
LAUGH, FUNNY, YES, 165, 9, .055, .351, .0094, .0106, 2, 0, 3.0, 2, 8, 28, 4.29, , V, 1.75, .88, .181, 1, 17, 41, 3.23, , AJ, 2.67, .60, .133, 1
LAUGH, JOKE, YES, 165, 9, .055, .612, .0052, .0067, 2, 0, 1.0, 0, 8, 28, 4.29, , V, 1.75, .88, .181, 1, 8, 22, 3.48, , N, 1.00, .57, .057, 1
LAUGH, FUN, YES, 165, 4, .024, .094, 0.0000, .0266, 0, 0, 2.0, 2, 8, 28, 4.29, , V, 1.75, .88, .181, 1, 15, 44, 2.45, , N, 2.13, .73, .058, 1
LAUGH, REACTION, YES, 165, 2, .012, 0.000, 0.0000, 0.0000, 0, 0, 0.0, 0, 8, 28, 4.29, , V, 1.75, .88, .181, 1, 21, 124, 2.93, , N, 1.20, .30, .019, 1
LAUNCH, ROCKET, YES, 148, 46, .311, .069, .0033, .0194, 1, 2, 4.0, 4, 17, 10, 4.55, , V, 1.07, .20, .026, 1, 18, 7, 6.22, G, N, 2.25, .31, .029, 1
LAUNCH, SHUTTLE, YES, 148, 37, .250, .014, .0193, .0017, 1, 2, 2.0, 2, 17, 10, 4.55, , V, 1.07, .20, .026, 1, 12, 0, 5.90, T, N, 1.64, .27, .034, 1
LAUNCH, OFF, YES, 148, 7, .047, 0.000, 0.0000, 0.0000, 0, 2, 0.0, 0, 17, 10, 4.55, , V, 1.07, .20, .026, 1, 2, 639, 2.77, G, AD, 0.00, .50, .788, 1
LAUNCH, MISSILE, YES, 148, 4, .027, .055, 0.0000, .0388, 0, 2, 3.0, 3, 17, 10, 4.55, , V, 1.07, .20, .026, 1, 21, 48, 6.80, , N, 2.13, .13, .002, 1
LAUNCH, PLANE, YES, 148, 4, .027, 0.000, .0207, .0048, 4, 2, 1.0, 1, 17, 10, 4.55, , V, 1.07, .20, .026, 1, 12, 114, 5.31, N, N, 1.75, .58, .057, 1
LAUNCH, BOAT, YES, 148, 3, .020, 0.000, .0193, .0030, 2, 2, 2.0, 1, 17, 10, 4.55, , V, 1.07, .20, .026, 1, 16, 72, 6.33, , N, 1.62, .63, .201, 1
LAUNCH, FLY, YES, 148, 3, .020, 0.000, .0064, 0.0000, 1, 2, 0.0, 0, 17, 10, 4.55, , V, 1.07, .20, .026, 1, 19, 33, 5.14, W, V, 1.42, .47, .097, 1
LAUNCH, LUNCH, YES, 148, 3, .020, 0.000, 0.0000, 0.0000, 0, 2, 0.0, 0, 17, 10, 4.55, , V, 1.07, .20, .026, 1, 17, 33, 5.46, , N, 1.88, .59, .053, 1
LAUNCH, ORBIT, NO, 148, 3, .020, ¥, ¥, ¥, ¥, ¥, ¥, ¥, 17, 10, 4.55, , V, 1.07, .20, .026, 1, ¥, ¥, ¥, , , ¥, ¥, ¥, 0
LAUNCH, SHIP, YES, 148, 3, .020, 0.000, .0464, .0115, 3, 2, 1.0, 0, 17, 10, 4.55, , V, 1.07, .20, .026, 1, 9, 83, 6.25, N, N, 2.22, .44, .085, 1
LAUNCH, SPACESHIP, NO, 148, 3, .020, ¥, ¥, ¥, ¥, ¥, ¥, ¥, 17, 10, 4.55, , V, 1.07, .20, .026, 1, ¥, ¥, ¥, , , ¥, ¥, ¥, 0
LAUNCH, DOCK, YES, 148, 2, .014, 0.000, 0.0000, .0121, 0, 2, 2.0, 2, 17, 10, 4.55, , V, 1.07, .20, .026, 1, 10, 8, 5.77, , N, 2.44, .22, .010, 1
LAUNCH, FIRE, YES, 148, 2, .014, 0.000, .0134, 0.0000, 2, 2, 0.0, 0, 17, 10, 4.55, , V, 1.07, .20, .026, 1, 18, 187, 6.13, N, N, 2.06, .63, .062, 1
LAUNCH, PAD, YES, 148, 2, .014, 0.000, 0.0000, 0.0000, 0, 2, 0.0, 0, 17, 10, 4.55, , V, 1.07, .20, .026, 1, 13, 8, 5.85, , N, 1.62, .15, .002, 1
LAUNCH, SEND, YES, 148, 2, .014, 0.000, 0.0000, 0.0000, 0, 2, 0.0, 0, 17, 10, 4.55, , V, 1.07, .20, .026, 1, 15, 74, 3.08, , V, 2.67, .25, .019, 1
LAUNCH, SET, YES, 148, 2, .014, 0.000, 0.0000, .0002, 0, 2, 1.0, 1, 17, 10, 4.55, , V, 1.07, .20, .026, 1, 23, 137, 3.05, N, V, .55, .27, .012, 1
LAUNCH, UP, YES, 148, 2, .014, 0.000, .0037, 0.0000, 2, 2, 0.0, 0, 17, 10, 4.55, , V, 1.07, .20, .026, 1, 5, 1895, 3.80, , AD, 1.20, 1.00, .502, 1
LAUNDRY, DIRTY, YES, 98, 25, .255, .034, .0334, .0225, 2, 0, 2.0, 1, 8, 5, 6.10, , N, 1.62, .38, .012, 1, 15, 36, 4.08, , AJ, .64, .36, .239, 1
LAUNDRY, CLOTHES, YES, 98, 23, .235, 0.000, .0215, 0.0000, 3, 0, 0.0, 0, 8, 5, 6.10, , N, 1.62, .38, .012, 1, 26, 89, 6.63, , N, 1.33, .75, .132, 1
LAUNDRY, WASH, YES, 98, 9, .092, 0.000, .0077, .0476, 2, 0, 4.0, 2, 8, 5, 6.10, , N, 1.62, .38, .012, 1, 14, 37, 4.20, N, V, 1.43, .50, .006, 1
LAUNDRY, BASKET, YES, 98, 8, .082, .014, 0.0000, 0.0000, 0, 0, 0.0, 0, 8, 5, 6.10, , N, 1.62, .38, .012, 1, 19, 17, 5.93, G, N, .53, .37, .036, 1
LAUNDRY, CLEAN, YES, 98, 6, .061, 0.000, .1112, .1344, 4, 0, 1.0, 0, 8, 5, 6.10, , N, 1.62, .38, .012, 1, 13, 70, 3.82, , AJ, 1.83, .67, .217, 1
LAUNDRY, SOAP, YES, 98, 5, .051, 0.000, .0118, .0216, 2, 0, 2.0, 1, 8, 5, 6.10, , N, 1.62, .38, .012, 1, 22, 22, 5.77, , N, 1.76, .48, .055, 1
LAUNDRY, WORK, YES, 98, 4, .041, 0.000, 0.0000, 0.0000, 0, 0, 0.0, 0, 8, 5, 6.10, , N, 1.62, .38, .012, 1, 19, 760, 3.88, N, N, 1.63, .68, .091, 1
LAUNDRY, DETERGENT, YES, 98, 3, .031, .078, 0.0000, .0726, 0, 0, 4.0, 4, 8, 5, 6.10, , N, 1.62, .38, .012, 1, 12, 25, 3.02, , N, 2.58, .42, .009, 1
LAVA, VOLCANO, YES, 152, 59, .388, .180, .0012, .0101, 2, 1, 2.0, 1, 11, 1, ¥, , N, .90, .20, .082, 1, 10, 2, 6.83, , N, 1.22, .44, .408, 1
LAVA, HOT, YES, 152, 30, .197, 0.000, .0213, 0.0000, 3, 1, 0.0, 0, 11, 1, ¥, , N, .90, .20, .082, 1, 8, 130, 5.03, G, AJ, 1.12, .88, .301, 1
LAVA, LAMP, YES, 152, 20, .132, 0.000, 0.0000, 0.0000, 0, 1, 0.0, 0, 11, 1, ¥, , N, .90, .20, .082, 1, 7, 18, 6.09, , N, .71, .57, .018, 1
LAVA, ROCK, YES, 152, 13, .086, 0.000, .0032, 0.0000, 1, 1, 0.0, 0, 11, 1, ¥, , N, .90, .20, .082, 1, 13, 75, 6.03, N, N, .46, .54, .234, 1
LAVA, MOLTEN, YES, 152, 4, .026, .453, 0.0000, .0330, 0, 1, 3.0, 3, 11, 1, ¥, , N, .90, .20, .082, 1, 8, 0, ¥, , AJ, 1.50, .13, .012, 1
LAVA, SOAP, YES, 152, 4, .026, 0.000, .0006, 0.0000, 1, 1, 0.0, 0, 11, 1, ¥, , N, .90, .20, .082, 1, 22, 22, 5.77, , N, 1.76, .48, .055, 1
LAVA, FLOW, YES, 152, 2, .013, 0.000, 0.0000, .0001, 0, 1, 1.0, 1, 11, 1, ¥, , N, .90, .20, .082, 1, 13, 67, 3.07, , V, 1.62, .23, .019, 1
LAVA, HAWAII, YES, 152, 2, .013, 0.000, .0085, .0195, 1, 1, 2.0, 1, 11, 1, ¥, , N, .90, .20, .082, 1, 18, 16, ¥, , N, 2.56, .25, .019, 1
LAVA, LIQUID, YES, 152, 2, .013, 0.000, .0001, .0013, 1, 1, 1.0, 1, 11, 1, ¥, , N, .90, .20, .082, 1, 14, 48, 6.02, , N, 1.38, .31, .025, 1
LAVA, MAGMA, NO, 152, 2, .013, ¥, ¥, ¥, ¥, ¥, ¥, ¥, 11, 1, ¥, , N, .90, .20, .082, 1, ¥, ¥, ¥, , , ¥, ¥, ¥, 0
LAVA, RED, YES, 152, 2, .013, 0.000, 0.0000, 0.0000, 0, 1, 0.0, 0, 11, 1, ¥, , N, .90, .20, .082, 1, 14, 197, 4.97, , N, 2.31, .85, .079, 1
LAW, ORDER, YES, 97, 18, .186, .044, 0.0000, .0041, 0, 1, 1.0, 1, 14, 299, 3.36, , N, 2.62, .69, .049, 1, 22, 376, 3.37, N, N, 1.05, .42, .014, 1
LAW, POLICE, YES, 97, 12, .124, .071, .0024, 0.0000, 4, 1, 0.0, 0, 14, 299, 3.36, , N, 2.62, .69, .049, 1, 19, 155, 6.69, , N, .89, .72, .155, 1
LAW, COURT, YES, 97, 9, .093, .104, .0346, .0119, 5, 1, 4.0, 1, 14, 299, 3.36, , N, 2.62, .69, .049, 1, 17, 230, 5.05, N, N, 1.40, .60, .128, 1
LAW, LAWYER, YES, 97, 9, .093, .068, .0097, .0168, 4, 1, 3.0, 0, 14, 299, 3.36, , N, 2.62, .69, .049, 1, 13, 43, 5.58, , N, 2.23, .69, .083, 1
LAW, BREAK, YES, 97, 5, .052, 0.000, .0029, 0.0000, 1, 1, 0.0, 0, 14, 299, 3.36, , N, 2.62, .69, .049, 1, 26, 88, 3.52, N, V, 1.60, .56, .089, 1
LAW, SCHOOL, YES, 97, 5, .052, 0.000, .0018, 0.0000, 1, 1, 0.0, 0, 14, 299, 3.36, , N, 2.62, .69, .049, 1, 22, 492, 5.25, T, N, 3.35, .70, .086, 1
LAW, CRIME, YES, 97, 3, .031, 0.000, .0039, .0050, 4, 1, 3.0, 0, 14, 299, 3.36, , N, 2.62, .69, .049, 1, 24, 34, 3.81, , N, 2.59, .59, .030, 1
LAW, CRIMINAL, YES, 97, 3, .031, .058, .0044, .0145, 2, 1, 6.0, 4, 14, 299, 3.36, , N, 2.62, .69, .049, 1, 18, 24, 4.92, , AJ, 4.12, .59, .029, 1
LAW, ENFORCEMENT, NO, 97, 3, .031, ¥, ¥, ¥, ¥, ¥, ¥, ¥, 14, 299, 3.36, , N, 2.62, .69, .049, 1, ¥, ¥, ¥, , , ¥, ¥, ¥, 0
LAW, JAIL, YES, 97, 3, .031, 0.000, .0097, .0044, 3, 1, 3.0, 1, 14, 299, 3.36, , N, 2.62, .69, .049, 1, 15, 21, 5.84, , N, 2.36, .43, .148, 1
LAW, JUSTICE, YES, 97, 3, .031, .171, .0121, .0224, 4, 1, 4.0, 1, 14, 299, 3.36, , N, 2.62, .69, .049, 1, 15, 114, 2.18, , N, 1.50, .50, .024, 1
LAW, RULE, YES, 97, 3, .031, .164, 0.0000, .0078, 0, 1, 2.0, 2, 14, 299, 3.36, , N, 2.62, .69, .049, 1, 21, 73, 2.79, G, N, 1.53, .26, .012, 1
LAW, JUDGE, YES, 97, 2, .021, .027, .0365, .0369, 5, 1, 3.0, 0, 14, 299, 3.36, , N, 2.62, .69, .049, 1, 17, 77, 6.25, , V, 1.18, .59, .130, 1
LAW, LEGAL, YES, 97, 2, .021, .139, .0013, .0232, 1, 1, 5.0, 4, 14, 299, 3.36, , N, 2.62, .69, .049, 1, 18, 72, ¥, , AJ, 1.56, .19, .031, 1
LAWFUL, POLICE, YES, 148, 19, .128, 0.000, .0123, .0045, 5, 2, 2.0, 0, 20, 2, ¥, , AJ, 2.56, .06, .005, 1, 19, 155, 6.69, , N, .89, .72, .155, 1
LAWFUL, LAWYER, YES, 148, 16, .108, 0.000, .0165, .0055, 5, 2, 3.0, 0, 20, 2, ¥, , AJ, 2.56, .06, .005, 1, 13, 43, 5.58, , N, 2.23, .69, .083, 1
LAWFUL, UNLAWFUL, YES, 148, 14, .095, .054, .0012, .0106, 1, 2, 5.0, 4, 20, 2, ¥, , AJ, 2.56, .06, .005, 1, 14, 1, ¥, , AJ, 3.57, .14, .013, 1
LAWFUL, GOOD, YES, 148, 11, .074, 0.000, .0019, .0004, 3, 2, 1.0, 1, 20, 2, ¥, , AJ, 2.56, .06, .005, 1, 8, 807, 2.53, , AJ, .75, .75, .586, 1
LAWFUL, LEGAL, YES, 148, 11, .074, 0.000, .0058, .0304, 3, 2